{"type": "FeatureCollection", "features": [{"type": "Feature", "geometry": {"type": "Point", "coordinates": [16.678952700000007, 44.93118399058617]}, "properties": {"id": "BA1-220", "role": "ba", "country": "BA", "voltage": 220.0}}, {"type": "Feature", "geometry": {"type": "Point", "coordinates": [18.1197634, 44.054072589904266]}, "properties": {"id": "BA10-220", "role": "ba", "country": "BA", "voltage": 220.0}}, {"type": "Feature", "geometry": {"type": "Point", "coordinates": [18.09892890000001, 44.050013889901045]}, "properties": {"id": "BA11-220", "role": "ba", "country": "BA", "voltage": 220.0}}, {"type": "Feature", "geometry": {"type": "Point", "coordinates": [18.12321034940676, 44.03655746094777]}, "properties": {"id": "BA12-220", "role": "ba", "country": "BA", "voltage": 220.0}}, {"type": "Feature", "geometry": {"type": "Point", "coordinates": [18.383769249933973, 43.8251178397691]}, "properties": {"id": "BA13-400", "role": "ba", "country": "BA", "voltage": 400.0}}, {"type": "Feature", "geometry": {"type": "Point", "coordinates": [19.0143004, 43.79897788969926]}, "properties": {"id": "BA14-220", "role": "ba", "country": "BA", "voltage": 220.0}}, {"type": "Feature", "geometry": {"type": "Point", "coordinates": [19.28103544185228, 43.79218198525006]}, "properties": {"id": "BA15-220", "role": "ba", "country": "BA", "voltage": 220.0}}, {"type": "Feature", "geometry": {"type": "Point", "coordinates": [19.281327511720303, 43.7923480558783]}, "properties": {"id": "BA15-400", "role": "ba", "country": "BA", "voltage": 400.0}}, {"type": "Feature", "geometry": {"type": "Point", "coordinates": [17.675840749794148, 43.74706228969273]}, "properties": {"id": "BA16-220", "role": "ba", "country": "BA", "voltage": 220.0}}, {"type": "Feature", "geometry": {"type": "Point", "coordinates": [17.68831679989812, 43.72362853969139]}, "properties": {"id": "BA17-220", "role": "ba", "country": "BA", "voltage": 220.0}}, {"type": "Feature", "geometry": {"type": "Point", "coordinates": [17.754869598202273, 43.660186909128925]}, "properties": {"id": "BA18-220", "role": "ba", "country": "BA", "voltage": 220.0}}, {"type": "Feature", "geometry": {"type": "Point", "coordinates": [17.720387834118576, 43.58775827399669]}, "properties": {"id": "BA19-220", "role": "ba", "country": "BA", "voltage": 220.0}}, {"type": "Feature", "geometry": {"type": "Point", "coordinates": [17.160075300000006, 44.85934929053172]}, "properties": {"id": "BA2-400", "role": "ba", "country": "BA", "voltage": 400.0}}, {"type": "Feature", "geometry": {"type": "Point", "coordinates": [17.337784600000006, 43.4507207894146]}, "properties": {"id": "BA20-220", "role": "ba", "country": "BA", "voltage": 220.0}}, {"type": "Feature", "geometry": {"type": "Point", "coordinates": [17.849607700993605, 43.44910408973016]}, "properties": {"id": "BA21-220", "role": "ba", "country": "BA", "voltage": 220.0}}, {"type": "Feature", "geometry": {"type": "Point", "coordinates": [17.82196444854754, 43.28267393989478]}, "properties": {"id": "BA22-220", "role": "ba", "country": "BA", "voltage": 220.0}}, {"type": "Feature", "geometry": {"type": "Point", "coordinates": [17.800559444681674, 43.28121787093424]}, "properties": {"id": "BA23-220", "role": "ba", "country": "BA", "voltage": 220.0}}, {"type": "Feature", "geometry": {"type": "Point", "coordinates": [18.514304000188424, 43.17470173930364]}, "properties": {"id": "BA24-400", "role": "ba", "country": "BA", "voltage": 400.0}}, {"type": "Feature", "geometry": {"type": "Point", "coordinates": [17.803684349659637, 43.01231168920064]}, "properties": {"id": "BA25-220", "role": "ba", "country": "BA", "voltage": 220.0}}, {"type": "Feature", "geometry": {"type": "Point", "coordinates": [18.500104862579253, 42.72787601304837]}, "properties": {"id": "BA26-220", "role": "ba", "country": "BA", "voltage": 220.0}}, {"type": "Feature", "geometry": {"type": "Point", "coordinates": [15.880297399999996, 44.82940889050892]}, "properties": {"id": "BA3-220", "role": "ba", "country": "BA", "voltage": 220.0}}, {"type": "Feature", "geometry": {"type": "Point", "coordinates": [18.605783043969407, 44.48047761418108]}, "properties": {"id": "BA4-220", "role": "ba", "country": "BA", "voltage": 220.0}}, {"type": "Feature", "geometry": {"type": "Point", "coordinates": [18.606076809486325, 44.480645485154994]}, "properties": {"id": "BA4-400", "role": "ba", "country": "BA", "voltage": 400.0}}, {"type": "Feature", "geometry": {"type": "Point", "coordinates": [19.06967112315904, 44.40383966176981]}, "properties": {"id": "BA5-220", "role": "ba", "country": "BA", "voltage": 220.0}}, {"type": "Feature", "geometry": {"type": "Point", "coordinates": [19.06996587767301, 44.40400620882524]}, "properties": {"id": "BA5-400", "role": "ba", "country": "BA", "voltage": 400.0}}, {"type": "Feature", "geometry": {"type": "Point", "coordinates": [17.962361357541017, 44.19172867704639]}, "properties": {"id": "BA6-220", "role": "ba", "country": "BA", "voltage": 220.0}}, {"type": "Feature", "geometry": {"type": "Point", "coordinates": [18.106497799999985, 44.11134848994992]}, "properties": {"id": "BA7-220", "role": "ba", "country": "BA", "voltage": 220.0}}, {"type": "Feature", "geometry": {"type": "Point", "coordinates": [18.0602515, 44.09301888993531]}, "properties": {"id": "BA8-220", "role": "ba", "country": "BA", "voltage": 220.0}}, {"type": "Feature", "geometry": {"type": "Point", "coordinates": [18.109364416888965, 44.0815467972944]}, "properties": {"id": "BA9-220", "role": "ba", "country": "BA", "voltage": 220.0}}, {"type": "Feature", "geometry": {"type": "Point", "coordinates": [16.35844589999999, 45.35731309090436]}, "properties": {"id": "HR1-220", "role": "border", "country": "HR", "voltage": 220.0}}, {"type": "Feature", "geometry": {"type": "Point", "coordinates": [18.8584697, 43.27480578926871]}, "properties": {"id": "ME2-400", "role": "border", "country": "ME", "voltage": 400.0}}, {"type": "Feature", "geometry": {"type": "Point", "coordinates": [18.99595170002566, 42.67072593876423]}, "properties": {"id": "ME4-220", "role": "border", "country": "ME", "voltage": 220.0}}, {"type": "Feature", "geometry": {"type": "Point", "coordinates": [18.8779871, 42.55582418865856]}, "properties": {"id": "ME5-400", "role": "border", "country": "ME", "voltage": 400.0}}, {"type": "Feature", "geometry": {"type": "Point", "coordinates": [18.420983798347297, 45.28870540962547]}, "properties": {"id": "way/113757307-220", "role": "border", "country": "HR", "voltage": 220.0}}, {"type": "Feature", "geometry": {"type": "Point", "coordinates": [18.23571320083028, 42.61050549562968]}, "properties": {"id": "way/171251171-220", "role": "ba", "country": "BA", "voltage": 220.0}}, {"type": "Feature", "geometry": {"type": "Point", "coordinates": [18.315516969695054, 43.88274824216157]}, "properties": {"id": "way/175002028-400", "role": "ba", "country": "BA", "voltage": 400.0}}, {"type": "Feature", "geometry": {"type": "Point", "coordinates": [18.965914839988223, 44.68645824024574]}, "properties": {"id": "way/222962996-400", "role": "ba", "country": "BA", "voltage": 400.0}}, {"type": "Feature", "geometry": {"type": "Point", "coordinates": [19.612584150313094, 45.01629601123313]}, "properties": {"id": "way/236110936-400", "role": "border", "country": "RS", "voltage": 400.0}}, {"type": "Feature", "geometry": {"type": "Point", "coordinates": [18.333137433557468, 42.67719632995537]}, "properties": {"id": "way/245190169-220", "role": "ba", "country": "BA", "voltage": 220.0}}, {"type": "Feature", "geometry": {"type": "Point", "coordinates": [18.33342093302511, 42.67736538451529]}, "properties": {"id": "way/245190169-400", "role": "ba", "country": "BA", "voltage": 400.0}}, {"type": "Feature", "geometry": {"type": "Point", "coordinates": [17.264451011211023, 44.32863795543143]}, "properties": {"id": "way/251735977-220", "role": "ba", "country": "BA", "voltage": 220.0}}, {"type": "Feature", "geometry": {"type": "Point", "coordinates": [20.04399578939664, 43.82349003216872]}, "properties": {"id": "way/317496363-220", "role": "border", "country": "RS", "voltage": 220.0}}, {"type": "Feature", "geometry": {"type": "Point", "coordinates": [16.50127907148467, 43.60043328704915]}, "properties": {"id": "way/43337263-400", "role": "border", "country": "HR", "voltage": 400.0}}, {"type": "Feature", "geometry": {"type": "Point", "coordinates": [16.702004592938074, 43.45514307124362]}, "properties": {"id": "way/59683455-220", "role": "border", "country": "HR", "voltage": 220.0}}, {"type": "Feature", "geometry": {"type": "Point", "coordinates": [18.435928500334384, 44.905013556635765]}, "properties": {"id": "way/692824732-220", "role": "ba", "country": "BA", "voltage": 220.0}}, {"type": "Feature", "geometry": {"type": "Point", "coordinates": [16.71876991179986, 44.94099405009348]}, "properties": {"id": "way/79818891-220", "role": "ba", "country": "BA", "voltage": 220.0}}, {"type": "Feature", "geometry": {"type": "Point", "coordinates": [18.604885316340617, 44.52231833808715]}, "properties": {"id": "way/841600752-220", "role": "ba", "country": "BA", "voltage": 220.0}}, {"type": "Feature", "geometry": {"type": "Point", "coordinates": [18.663329039744493, 45.47318683998]}, "properties": {"id": "way/89823918-400", "role": "border", "country": "HR", "voltage": 400.0}}, {"type": "Feature", "geometry": {"type": "Point", "coordinates": [17.769573186391867, 43.30302578903101]}, "properties": {"id": "way/89827347-220", "role": "ba", "country": "BA", "voltage": 220.0}}, {"type": "Feature", "geometry": {"type": "Point", "coordinates": [17.769858195754946, 43.3031963063133]}, "properties": {"id": "way/89827347-400", "role": "ba", "country": "BA", "voltage": 400.0}}, {"type": "Feature", "geometry": {"type": "Point", "coordinates": [16.913620388699012, 45.448081289056574]}, "properties": {"id": "way/96704507-220", "role": "border", "country": "HR", "voltage": 220.0}}, {"type": "Feature", "geometry": {"type": "LineString", "coordinates": [[18.33342093302511, 42.67736538451529], [18.340060260556996, 42.68149985112357], [18.3426259, 42.6839824], [18.3457159, 42.6851767], [18.3508676, 42.6894653], [18.3571512, 42.6948209], [18.369443, 42.7084874], [18.376255, 42.7172466], [18.3795359, 42.7215066], [18.3822729, 42.7249318], [18.3846037, 42.7283166], [18.3865542, 42.7407542], [18.3871693, 42.7447124], [18.3878206, 42.7505723], [18.3888345, 42.755441], [18.389607, 42.7610221], [18.3898645, 42.7642122], [18.3908569, 42.7702375], [18.3910875, 42.773687], [18.3919834, 42.7774711], [18.3931046, 42.7854872], [18.3935015, 42.7876407], [18.3944188, 42.7947069], [18.3954756, 42.7997728], [18.396232, 42.8044998], [18.3953844, 42.8067038], [18.3937054, 42.810167], [18.3905404, 42.817754], [18.3890491, 42.8209608], [18.3883249, 42.8232823], [18.3867746, 42.8265439], [18.3856746, 42.8293016], [18.3839207, 42.8335231], [18.3815925, 42.8389831], [18.3802675, 42.8423816], [18.3780305, 42.8475498], [18.3786636, 42.849119], [18.3806913, 42.854204], [18.3828639, 42.8602049], [18.3866512, 42.8701643], [18.3875953, 42.8731169], [18.3886092, 42.8757391], [18.3909803, 42.8816317], [18.3947085, 42.8916309], [18.3954864, 42.8936392], [18.3965539, 42.8963705], [18.4008883, 42.9082652], [18.4032965, 42.9143237], [18.4052097, 42.9168714], [18.4070077, 42.9199017], [18.4090617, 42.9229099], [18.4110411, 42.9259071], [18.4146674, 42.9312591], [18.4164352, 42.9338907], [18.418454, 42.936896], [18.4204527, 42.939871], [18.4216755, 42.9417665], [18.4230721, 42.9438873], [18.423497, 42.9449034], [18.4239766, 42.9462108], [18.4247905, 42.9485433], [18.4260985, 42.9519382], [18.4271254, 42.954732], [18.4303858, 42.963601], [18.4316135, 42.9669405], [18.4329286, 42.9705173], [18.4338436, 42.973006], [18.4346675, 42.9752466], [18.4371773, 42.9820718], [18.4384379, 42.985426], [18.4396285, 42.9885935], [18.4422361, 42.9955305], [18.4434373, 42.998726], [18.4441871, 43.0008075], [18.4450568, 43.0032217], [18.446801, 43.0080633], [18.4495867, 43.0096792], [18.4519619, 43.010991], [18.4553498, 43.012862], [18.4594403, 43.0152134], [18.4622083, 43.0168045], [18.4673873, 43.0200064], [18.4701819, 43.0215675], [18.4728966, 43.0230979], [18.4760596, 43.0248413], [18.4795861, 43.0267933], [18.4859808, 43.0304592], [18.4917307, 43.0339945], [18.4980155, 43.0381452], [18.5013788, 43.0404301], [18.5050671, 43.0430325], [18.5086942, 43.045365], [18.5104233, 43.0467365], [18.5129097, 43.0484376], [18.5146422, 43.0496623], [18.5167836, 43.0511474], [18.5178588, 43.0518703], [18.520409, 43.0536278], [18.5222597, 43.0549259], [18.5249615, 43.0567837], [18.5277175, 43.0586267], [18.5300403, 43.0602844], [18.5326386, 43.062069], [18.5348312, 43.0636219], [18.5384565, 43.0660941], [18.5469213, 43.0776772], [18.5494449, 43.0811257], [18.5515301, 43.0838904], [18.5542313, 43.0876846], [18.5558367, 43.0897006], [18.557442, 43.0919242], [18.5593044, 43.0943813], [18.5628447, 43.0992639], [18.5643338, 43.1011931], [18.5660895, 43.1042899], [18.5674022, 43.1065728], [18.568845, 43.1090009], [18.5703341, 43.1115263], [18.572084, 43.1145421], [18.5738628, 43.1176213], [18.5756301, 43.1206496], [18.5774437, 43.1235847], [18.5790796, 43.1264912], [18.5806874, 43.1292746], [18.5824778, 43.1323322], [18.5840076, 43.134985], [18.5853289, 43.137149], [18.584449, 43.1398353], [18.58334, 43.1432944], [18.5827591, 43.1450993], [18.580913, 43.1465129], [18.5724583, 43.1531531], [18.5700069, 43.1551083], [18.5669456, 43.1575499], [18.5621335, 43.1613876], [18.5590933, 43.1626789], [18.551091, 43.1661546], [18.5426972, 43.1699424], [18.5391316, 43.1714596], [18.5346415, 43.1734263], [18.5327025, 43.1742629], [18.5305837, 43.1752181], [18.5252254, 43.1763272], [18.5192361, 43.177582], [18.519106341131724, 43.17754553920732], [18.514304000188424, 43.17470173930364]]}, "properties": {"kind": "line", "bus0": "way/245190169-400", "bus1": "BA24-400", "cross_border": false, "voltage": 400.0}}, {"type": "Feature", "geometry": {"type": "LineString", "coordinates": [[16.71876991179986, 44.94099405009348], [16.722712889444466, 44.93627444045284], [16.7239431, 44.935638], [16.7279048, 44.9339745], [16.732019, 44.9322203], [16.7342046, 44.9307047], [16.7365325, 44.929152], [16.7428105, 44.9248662], [16.7469858, 44.9220049], [16.7492203, 44.9204259], [16.7520287, 44.9184578], [16.7639992, 44.9103961], [16.7748209, 44.9028946], [16.8216484, 44.8815979], [16.8279768, 44.8787412], [16.8394503, 44.8777518], [16.8474038, 44.8770587], [16.8577088, 44.8761721], [16.8601298, 44.8738065], [16.8665067, 44.8675389], [16.8693212, 44.8648027], [16.8713313, 44.8628244], [16.8746761, 44.8595509], [16.8794642, 44.8592753], [16.8836741, 44.8590608], [16.8872886, 44.8588678], [16.891627, 44.8586348], [16.8957213, 44.8584007], [16.9004169, 44.8582276], [16.9166302, 44.8580134], [16.9284401, 44.8567276], [16.9322369, 44.8558692], [16.9365537, 44.854897], [16.9395333, 44.8542215], [16.9438534, 44.8532368], [16.9501602, 44.8518014], [16.9539695, 44.8504974], [16.9587722, 44.848833], [16.962649, 44.8474319], [16.9662861, 44.8461652], [16.9699869, 44.8448804], [16.9736481, 44.8435876], [16.9839784, 44.8399862], [16.9868669, 44.8390409], [16.9912071, 44.837481], [16.9940343, 44.8364767], [16.9966669, 44.8357525], [17.0047556, 44.8335982], [17.0086068, 44.8324768], [17.0108732, 44.8318441], [17.0192944, 44.8294404], [17.0250099, 44.8277883], [17.0293172, 44.8265808], [17.0333234, 44.8254454], [17.0378012, 44.8243488], [17.0472138, 44.8204469], [17.050184, 44.819438], [17.0577559, 44.815877], [17.0620692, 44.8127337], [17.0650549, 44.8104318], [17.0684185, 44.807826], [17.0724501, 44.8047351], [17.0797289, 44.7990897], [17.0814737, 44.7977557], [17.0836416, 44.7960172], [17.0954308, 44.7869967], [17.0976942, 44.7852646], [17.1007146, 44.7820839], [17.1155512, 44.7664446], [17.1199935, 44.7620393], [17.1247758, 44.7569777], [17.1276791, 44.7539256], [17.1317888, 44.7496029], [17.1318728, 44.7495145], [17.1333852, 44.747992], [17.1330053, 44.7223599], [17.1328365, 44.7148667], [17.131782, 44.7014947], [17.1308738, 44.6899275], [17.1299875, 44.6791026], [17.1291433, 44.6691641], [17.1287635, 44.6638479], [17.1284469, 44.6593445], [17.1263366, 44.648559], [17.1242895, 44.639218], [17.12296, 44.6314276], [17.1222214, 44.6278711], [17.1207805, 44.625667], [17.1193787, 44.6236312], [17.1180591, 44.6216229], [17.1165366, 44.619352], [17.1161494, 44.6187745], [17.1143684, 44.6162467], [17.1114643, 44.6120178], [17.1127195, 44.6096425], [17.1139319, 44.6073587], [17.1150386, 44.6052883], [17.115627, 44.6041047], [17.1158202, 44.5996664], [17.1159811, 44.5958009], [17.1160455, 44.5932873], [17.1161849, 44.5907278], [17.1181161, 44.5726707], [17.1188779, 44.5667243], [17.120337, 44.5564122], [17.1229768, 44.5515035], [17.1247036, 44.5482774], [17.1317096, 44.53449], [17.1318598, 44.5301076], [17.1319241, 44.5277136], [17.1319349, 44.5252507], [17.1320422, 44.5187869], [17.131495, 44.5143804], [17.1312032, 44.5120462], [17.130626, 44.5079078], [17.1302934, 44.5052374], [17.1284475, 44.4936214], [17.1281369, 44.4916235], [17.1276326, 44.4892739], [17.1270211, 44.4871001], [17.1264996, 44.485208], [17.1359363, 44.4704593], [17.1387151, 44.4657199], [17.1430495, 44.4593644], [17.146075, 44.4541186], [17.1500447, 44.4476086], [17.1513107, 44.4455406], [17.1530831, 44.4426751], [17.1557632, 44.4416725], [17.1636167, 44.4386543], [17.1681228, 44.4368005], [17.1707836, 44.4358199], [17.17397, 44.4346095], [17.1772423, 44.4332918], [17.1809974, 44.4318745], [17.1906855, 44.428128], [17.1993652, 44.4247031], [17.2014895, 44.4223584], [17.2037103, 44.4199063], [17.208474, 44.4145421], [17.2145894, 44.4086639], [17.2191057, 44.406096], [17.221543, 44.404491], [17.2245584, 44.4027302], [17.2274157, 44.4010317], [17.2300494, 44.3994928], [17.2325903, 44.3980124], [17.2353331, 44.3963994], [17.2379286, 44.3948643], [17.2409494, 44.3930954], [17.2443465, 44.3910888], [17.2478417, 44.3890548], [17.2519422, 44.3866233], [17.254674, 44.3850451], [17.2574113, 44.383424], [17.2600068, 44.3818886], [17.2634093, 44.3799205], [17.2669755, 44.3778511], [17.2679079, 44.3764636], [17.2701424, 44.3731417], [17.2714701, 44.3711755], [17.2742543, 44.3669707], [17.2757469, 44.364758], [17.2771082, 44.3627436], [17.2773366, 44.3624081], [17.2780846, 44.3613095], [17.2781362, 44.3612337], [17.2795793, 44.35911], [17.2810122, 44.3569993], [17.291604, 44.3525493], [17.2941907, 44.3514585], [17.3018466, 44.3482619], [17.3007641, 44.3459599], [17.2998566, 44.3427265], [17.2992177, 44.3408288], [17.298195, 44.3380056], [17.2973631, 44.3358256], [17.2955672, 44.330876], [17.2947059, 44.3286539], [17.2936754, 44.3258141], [17.292142, 44.321538], [17.2907741, 44.3179101], [17.2940784, 44.3132508], [17.2971218, 44.3089638], [17.3006983, 44.3040798], [17.3027825, 44.3010263], [17.3067683, 44.2956279], [17.3107275, 44.2938409], [17.3154562, 44.2917555], [17.3176884, 44.2907568], [17.3221303, 44.2887934], [17.3284352, 44.285932], [17.3314074, 44.2860693], [17.3387654, 44.2863139], [17.3411946, 44.2864145], [17.348744, 44.2867208], [17.3512782, 44.2867827], [17.3587269, 44.2870168], [17.3611745, 44.2870925], [17.3664449, 44.2873025], [17.3697052, 44.2866106], [17.3740907, 44.2856399], [17.3768942, 44.2850546], [17.3807027, 44.2842732], [17.3833494, 44.283691], [17.3865473, 44.2829841], [17.3887411, 44.282549], [17.3912632, 44.2819963], [17.3984101, 44.2804763], [17.4026587, 44.2803949], [17.4068135, 44.280303], [17.4130339, 44.2801434], [17.4179585, 44.279068], [17.4231941, 44.2779619], [17.4351434, 44.2753194], [17.4424309, 44.2736909], [17.4484498, 44.2737831], [17.4541023, 44.2738833], [17.4580092, 44.2740289], [17.4601024, 44.2739931], [17.467126, 44.2742279], [17.4835252, 44.2723333], [17.4870625, 44.2719046], [17.4944587, 44.2702005], [17.4987303, 44.2692327], [17.5044453, 44.2678925], [17.5077007, 44.2671376], [17.5133377, 44.2658304], [17.5202578, 44.2642256], [17.5466962, 44.2580941], [17.5545875, 44.2457367], [17.5582763, 44.2403266], [17.5608585, 44.2386271], [17.5635622, 44.2368553], [17.5692538, 44.2331386], [17.5751869, 44.2293756], [17.5786255, 44.2287221], [17.5899176, 44.2265579], [17.5975028, 44.225028], [17.6214174, 44.220607], [17.6237349, 44.2201803], [17.6348928, 44.2180485], [17.6430548, 44.2163587], [17.6477782, 44.2155898], [17.6524077, 44.2146651], [17.6552267, 44.2140095], [17.6609796, 44.2126417], [17.6739136, 44.2095666], [17.6917771, 44.2053214], [17.6967017, 44.205231], [17.7012936, 44.2052233], [17.7060948, 44.2052887], [17.7103756, 44.205281], [17.7130846, 44.202343], [17.7159814, 44.1992125], [17.7186529, 44.1963088], [17.7218018, 44.1928704], [17.7228317, 44.1917357], [17.7239744, 44.1905818], [17.7241568, 44.1892778], [17.7246717, 44.1864083], [17.7255676, 44.1812535], [17.7259538, 44.1787105], [17.7266029, 44.1750402], [17.7273057, 44.1709733], [17.7277187, 44.1685184], [17.7284215, 44.1644049], [17.7292835, 44.1594179], [17.7304868, 44.1578781], [17.7339844, 44.1536484], [17.736908, 44.1500111], [17.7403358, 44.1458309], [17.7422547, 44.1430636], [17.7477318, 44.1417201], [17.753638, 44.1406037], [17.7581564, 44.1397525], [17.7615092, 44.1391673], [17.7670399, 44.138074], [17.7738313, 44.1367997], [17.7791796, 44.135791], [17.7827791, 44.1351711], [17.785892, 44.1345695], [17.7907077, 44.1336388], [17.7934168, 44.1331922], [17.8003154, 44.131833], [17.8033302, 44.1313171], [17.8109316, 44.1298771], [17.816473, 44.128799], [17.821065, 44.1279557], [17.8246162, 44.1261883], [17.8287307, 44.1241474], [17.832577, 44.1221912], [17.8362624, 44.1203505], [17.8412456, 44.1178205], [17.8453604, 44.1157989], [17.8460042, 44.1154826], [17.8494052, 44.1137456], [17.8523073, 44.112232], [17.8552256, 44.1108608], [17.8579062, 44.1095093], [17.8642217, 44.106335], [17.8693646, 44.1036929], [17.8728209, 44.1035962], [17.8767407, 44.1043247], [17.8794888, 44.1047904], [17.8844027, 44.1056417], [17.8877393, 44.1062464], [17.8903625, 44.1066971], [17.899239, 44.1033038], [17.9038916, 44.1015315], [17.9076681, 44.1001292], [17.9118309, 44.0985344], [17.9183004, 44.0961959], [17.9209719, 44.0952173], [17.9280205, 44.0924318], [17.9312287, 44.0910525], [17.9411528, 44.087315], [17.9431752, 44.0866292], [17.9521928, 44.0837508], [17.9562322, 44.0824599], [17.9621438, 44.0805061], [17.9679213, 44.0787257], [17.9781673, 44.0753613], [17.9847203, 44.0732604], [17.9874025, 44.0723894], [17.9929708, 44.0705818], [17.9965389, 44.0694686], [18.002885, 44.0674181], [18.0058247, 44.0664661], [18.0083567, 44.0656527], [18.0196051, 44.0620517], [18.0222015, 44.0612152], [18.0294059, 44.0588791], [18.0401455, 44.0558683], [18.04734, 44.0543815], [18.0568986, 44.0523021], [18.0630569, 44.0510221], [18.0689444, 44.0496919], [18.0748694, 44.0484543], [18.0816393, 44.0469659], [18.0874328, 44.0456897], [18.0901579, 44.0451228], [18.0948411, 44.0441049], [18.1005836, 44.0428767], [18.1023475, 44.0424995], [18.1065839, 44.0416689], [18.117679402169077, 44.03915663197116], [18.12321034940676, 44.03655746094777]]}, "properties": {"kind": "line", "bus0": "way/79818891-220", "bus1": "BA12-220", "cross_border": false, "voltage": 220.0}}, {"type": "Feature", "geometry": {"type": "LineString", "coordinates": [[19.281035441852282, 43.79218198525006], [19.285248035711273, 43.79631801845312], [19.2854887, 43.7966678], [19.2905527, 43.8003538], [19.2923122, 43.8016122], [19.2990392, 43.801194], [19.3022525, 43.8010624], [19.3079387, 43.8009114], [19.3153309, 43.793907], [19.3204003, 43.7920715], [19.3298631, 43.7886095], [19.3343507, 43.7879878], [19.3391615, 43.7871983], [19.3445294, 43.7865919], [19.3495505, 43.7857438], [19.353665, 43.7850815], [19.3615473, 43.7838871], [19.369095, 43.7827834], [19.372598, 43.7822257], [19.3766033, 43.7816191], [19.380294, 43.7793147], [19.3825685, 43.7778777], [19.3882119, 43.7754956], [19.3920957, 43.7738261], [19.3979859, 43.771347], [19.4087952, 43.7704638], [19.4116973, 43.770673], [19.417051, 43.7711805], [19.420157, 43.7712734], [19.4243788, 43.7715407], [19.4267016, 43.7701036], [19.4296091, 43.7686005], [19.4377898, 43.763975], [19.4404345, 43.7625376], [19.4474994, 43.7602789], [19.4514637, 43.7590236], [19.4551706, 43.7553001], [19.4582497, 43.7524172], [19.4607174, 43.750131], [19.4636463, 43.7473448], [19.4660442, 43.7476044], [19.4699493, 43.7470615], [19.4731896, 43.7460698], [19.4746592, 43.7456857], [19.4785004, 43.7463876], [19.4841277, 43.7473486], [19.4873893, 43.7475036], [19.4937085, 43.7478795], [19.496777, 43.7480772], [19.4990998, 43.7482206], [19.5021843, 43.7483794], [19.5119476, 43.748953], [19.5151233, 43.7491351], [19.5217591, 43.749542], [19.5291137, 43.7499799], [19.5351648, 43.7503557], [19.538319, 43.7505456], [19.5422351, 43.7507781], [19.5466661, 43.7510416], [19.5530336, 43.7513439], [19.55747, 43.7516732], [19.5611017, 43.7520685], [19.5655703, 43.7525606], [19.5685153, 43.7528822], [19.5716374, 43.7532232], [19.5775329, 43.7538626], [19.5828008, 43.7544244], [19.5847695, 43.7546763], [19.5876824, 43.7549436], [19.5922797, 43.7554706], [19.5943236, 43.7557031], [19.5989477, 43.7561796], [19.6093332, 43.7573227], [19.6119457, 43.7576016], [19.6236669, 43.7582409], [19.626966, 43.7584075], [19.6334141, 43.7587446], [19.6376734, 43.7589771], [19.6417718, 43.7592096], [19.6455859, 43.7594072], [19.6508163, 43.7596939], [19.6555316, 43.7599147], [19.660145, 43.7602247], [19.6646886, 43.760461], [19.6694415, 43.7607322], [19.6741676, 43.7609647], [19.6807819, 43.7613095], [19.6954697, 43.7626422], [19.7080009, 43.7638084], [19.7104203, 43.7639866], [19.7161388, 43.7645483], [19.7225546, 43.7647149], [19.7252851, 43.7647653], [19.7285091, 43.764866], [19.7340291, 43.7650093], [19.7374462, 43.7650868], [19.7457611, 43.7652767], [19.7525524, 43.7654626], [19.7561841, 43.765575], [19.7588556, 43.7656524], [19.7619402, 43.7657183], [19.7669881, 43.7658384], [19.7698098, 43.7659081], [19.7762149, 43.7660398], [19.7786611, 43.7661251], [19.7841059, 43.7666946], [19.7879576, 43.7671168], [19.7928017, 43.7676166], [19.7989815, 43.7682751], [19.8052632, 43.7689414], [19.8104667, 43.7694799], [19.8168182, 43.7701539], [19.8228961, 43.7707776], [19.8282031, 43.7713493], [19.8334916, 43.7718945], [19.8369629, 43.7722838], [19.8456646, 43.7730503], [19.8503357, 43.7738319], [19.859037, 43.7752877], [19.8659415, 43.7765016], [19.870549, 43.7773251], [19.8734624, 43.7778108], [19.8776252, 43.7785622], [19.8819323, 43.7793314], [19.8893411, 43.7807695], [19.8952205, 43.7818229], [19.9003925, 43.7828298], [19.9018044, 43.7831493], [19.9065186, 43.7842163], [19.9099197, 43.7847663], [19.9142648, 43.7855021], [19.918846, 43.7862302], [19.9231483, 43.7869273], [19.9275037, 43.7878102], [19.9305721, 43.7870884], [19.9369236, 43.7856032], [19.9422304, 43.7842898], [19.9469796, 43.7830248], [19.9519494, 43.781709], [19.9566177, 43.7804844], [19.9595704, 43.7813422], [19.963242, 43.7824813], [19.9686493, 43.7840692], [19.972648, 43.7852527], [19.9769427, 43.7865013], [19.9813496, 43.7864745], [19.9879553, 43.7863436], [19.9928106, 43.7862302], [20.0000633, 43.7860675], [20.0052336, 43.7859436], [20.0088932, 43.7858584], [20.0146224, 43.7856725], [20.0202121, 43.7854091], [20.0234323, 43.7871182], [20.0245465, 43.7877095], [20.0277867, 43.7894909], [20.0307145, 43.7932007], [20.0361122, 43.8006551], [20.0382685, 43.8035943], [20.0394807, 43.8069224], [20.0401729, 43.8107136], [20.0408014, 43.8140542], [20.0414164, 43.8171851], [20.04153555492638, 43.817814522771705], [20.04399578939664, 43.82349003216872]]}, "properties": {"kind": "line", "bus0": "way/317496363-220", "bus1": "BA15-220", "cross_border": true, "voltage": 220.0}}, {"type": "Feature", "geometry": {"type": "LineString", "coordinates": [[17.962361357541017, 44.191728677046385], [17.976298553529805, 44.18973838823168], [17.9771109, 44.1893797], [17.9836448, 44.1865174], [17.9905356, 44.1834542], [17.9978241, 44.1802284], [18.0043355, 44.1773414], [18.0064002, 44.176443], [18.0082143, 44.1756333], [18.012134, 44.1738738], [18.0152569, 44.1724947], [18.0184849, 44.1710715], [18.0209793, 44.1699614], [18.0212583, 44.1677663], [18.0219771, 44.1623712], [18.0223365, 44.1587961], [18.02283, 44.1546858], [18.0231197, 44.1520108], [18.0235972, 44.148181], [18.0240531, 44.1441084], [18.0239619, 44.1416235], [18.0237155, 44.1388176], [18.0242838, 44.1369018], [18.0267943, 44.1273763], [18.0285083, 44.1264348], [18.031228, 44.1249408], [18.0351655, 44.1227709], [18.0443494, 44.1176875], [18.050843, 44.1141058], [18.0523477, 44.1120568], [18.0546035, 44.1088407], [18.05595, 44.1067992], [18.0566232, 44.1057265], [18.0621512, 44.0979604], [18.0638947, 44.0953696], [18.066424, 44.0919618], [18.0693047, 44.0888332], [18.0731402, 44.0844059], [18.074999, 44.0823867], [18.0758975, 44.0813155], [18.0802159, 44.0765523], [18.0848373, 44.0711393], [18.0859612, 44.0699079], [18.0893864, 44.0659725], [18.0933829, 44.0614818], [18.0948044, 44.0599572], [18.0964567, 44.0580644], [18.0982967, 44.0532318], [18.1030576, 44.0464537], [18.1044516, 44.0429206], [18.1054119, 44.0426668], [18.1092937, 44.0415335], [18.1132893, 44.0404532], [18.1175701, 44.0396241], [18.118059328129473, 44.03952559953285], [18.12321034940676, 44.03655746094777]]}, "properties": {"kind": "line", "bus0": "BA6-220", "bus1": "BA12-220", "cross_border": false, "voltage": 220.0}}, {"type": "Feature", "geometry": {"type": "LineString", "coordinates": [[17.337784600000006, 43.4507207894146], [17.339592758704953, 43.455021926005756], [17.339984, 43.4567957], [17.3407136, 43.4600939], [17.3449729, 43.4619473], [17.3486636, 43.4635982], [17.3513459, 43.464774], [17.3539567, 43.4680267], [17.3554711, 43.4698431], [17.3573701, 43.4722568], [17.3586254, 43.4737206], [17.3599619, 43.4756559], [17.3611466, 43.4788006], [17.3655026, 43.4806612], [17.3706256, 43.4828565], [17.3715107, 43.4864335], [17.3717521, 43.4883834], [17.3727231, 43.496159], [17.3731683, 43.4993616], [17.3735277, 43.5023189], [17.3741446, 43.5045251], [17.3758237, 43.5065872], [17.4005644, 43.5370677], [17.4022327, 43.5390082], [17.4096034, 43.552446], [17.4152146, 43.5623942], [17.416486, 43.5645574], [17.4175803, 43.5665183], [17.4186291, 43.5683782], [17.4191601, 43.5706869], [17.4196859, 43.5731296], [17.4202303, 43.5753954], [17.4211487, 43.5799945], [17.423508, 43.5833542], [17.4258362, 43.5852776], [17.4265121, 43.587574], [17.4283987, 43.5891124], [17.430176, 43.5905503], [17.4326275, 43.5925551], [17.4348269, 43.5943423], [17.4369512, 43.5961061], [17.4391131, 43.597866], [17.4412481, 43.5996064], [17.4434744, 43.6014089], [17.4454002, 43.6029938], [17.446811, 43.6046836], [17.4486832, 43.6068938], [17.449976, 43.608498], [17.4510758, 43.6098147], [17.4527494, 43.6118073], [17.4544661, 43.6138735], [17.4559091, 43.6156368], [17.4583821, 43.6170388], [17.4604742, 43.6182544], [17.4630277, 43.6197573], [17.464342, 43.6204563], [17.4659888, 43.6213806], [17.4689339, 43.6215087], [17.4726246, 43.6216757], [17.4752317, 43.6217805], [17.4785094, 43.6219009], [17.4803708, 43.6219941], [17.4828546, 43.6225805], [17.4862181, 43.6234115], [17.4884121, 43.6239591], [17.4917442, 43.6247749], [17.4946938, 43.6255084], [17.4972956, 43.6261336], [17.4993287, 43.6284634], [17.5009005, 43.6302301], [17.5029121, 43.632486], [17.5045161, 43.6342681], [17.5063722, 43.6364151], [17.5073646, 43.6376963], [17.5085609, 43.6393307], [17.5097571, 43.6409457], [17.5111948, 43.6429954], [17.5125198, 43.6448083], [17.5138931, 43.6466405], [17.5151537, 43.6484067], [17.5177394, 43.6496643], [17.5206147, 43.6510423], [17.5230341, 43.6521873], [17.5260489, 43.6536195], [17.5283556, 43.6548537], [17.5306408, 43.6570078], [17.5321536, 43.6585641], [17.535973, 43.6625109], [17.5378828, 43.6644357], [17.5415236, 43.6682301], [17.544871, 43.6720715], [17.5462067, 43.674027], [17.5479609, 43.6764287], [17.5497043, 43.6787294], [17.5522685, 43.6803627], [17.554012, 43.68148], [17.5560504, 43.6827913], [17.5594783, 43.683734], [17.5625736, 43.6845758], [17.5652987, 43.6846999], [17.5686568, 43.6848046], [17.5720686, 43.6849676], [17.574606, 43.6853633], [17.5776422, 43.6858133], [17.5809413, 43.6863175], [17.5834304, 43.6867249], [17.5870136, 43.6872328], [17.5902647, 43.6877102], [17.593832, 43.6882804], [17.5961763, 43.6886877], [17.5997222, 43.6905573], [17.6018947, 43.6918917], [17.6062775, 43.6942849], [17.6089275, 43.6957457], [17.6123554, 43.6957975], [17.6156867, 43.6958557], [17.6204288, 43.6958673], [17.6241624, 43.6958906], [17.627703, 43.6959216], [17.632649, 43.6959992], [17.6357603, 43.6960225], [17.643131, 43.6962086], [17.6472241, 43.6961776], [17.652213, 43.6961737], [17.6549274, 43.6985357], [17.6552243, 43.698801], [17.6573146, 43.7006688], [17.65975, 43.7027242], [17.6592565, 43.7052721], [17.6586557, 43.7084287], [17.6595408, 43.7101581], [17.6603776, 43.7120116], [17.663084, 43.7135748], [17.6657115, 43.7151744], [17.6686496, 43.7169087], [17.6715517, 43.7186069], [17.6756126, 43.7197933], [17.6780641, 43.7205183], [17.682528432384526, 43.72181591342958], [17.68831679989812, 43.72362853969139]]}, "properties": {"kind": "line", "bus0": "BA17-220", "bus1": "BA20-220", "cross_border": false, "voltage": 220.0}}, {"type": "Feature", "geometry": {"type": "LineString", "coordinates": [[17.849607700993605, 43.44910408973016], [17.855541400612985, 43.450582394838435], [17.8618869, 43.4517796], [17.8656554, 43.452465], [17.8695312, 43.4532166], [17.8728444, 43.4509207], [17.8756039, 43.4489913], [17.878812, 43.4467511], [17.8816055, 43.444797], [17.8830006, 43.4438213], [17.8843854, 43.4428527], [17.887172, 43.4409133], [17.8902714, 43.4387418], [17.8946635, 43.4382044], [17.8983516, 43.4401645], [17.9019805, 43.4421443], [17.905565, 43.4440674], [17.909389, 43.446341], [17.920541, 43.452237], [17.923754, 43.4539808], [17.9289601, 43.4567787], [17.933928, 43.459471], [17.939692, 43.462533], [17.943994, 43.463304], [17.946408, 43.463682], [17.951236, 43.4646], [17.957652, 43.465714], [17.962657, 43.466699], [17.9658832, 43.4672817], [17.968349, 43.467727], [17.972335, 43.468463], [17.97637, 43.469206], [17.980301, 43.469903], [17.984126, 43.470623], [17.9854264, 43.4708647], [17.9868538, 43.47113], [17.987521, 43.471254], [17.991577, 43.472013], [17.9925999, 43.4722001], [17.995498, 43.47273], [17.9978, 43.474976], [18.000321, 43.477471], [18.002107, 43.47916], [18.003534, 43.480484], [18.006769, 43.483707], [18.00944, 43.486353], [18.011865, 43.488665], [18.017798, 43.493086], [18.024133, 43.497367], [18.027567, 43.499632], [18.0321, 43.502632], [18.037164, 43.505994], [18.039363, 43.507698], [18.044288, 43.510783], [18.050532, 43.514895], [18.048247, 43.522734], [18.046997, 43.527043], [18.046299, 43.529408], [18.045666, 43.531815], [18.0444, 43.536019], [18.042705, 43.541985], [18.042378, 43.543038], [18.0397701, 43.5520507], [18.039052, 43.554532], [18.036826, 43.557529], [18.034889, 43.560242], [18.032931, 43.563035], [18.02879, 43.568802], [18.026928, 43.571474], [18.02537, 43.573619], [18.0224405, 43.5774892], [18.0174328, 43.5782722], [18.0141927, 43.5787735], [18.0117385, 43.5808657], [18.0089839, 43.5832308], [18.0061246, 43.5856458], [18.0000977, 43.5908271], [17.9979171, 43.5926532], [17.9952509, 43.5949823], [17.9913913, 43.5982418], [17.9885347, 43.6006796], [17.9864506, 43.6023985], [17.9832025, 43.6051779], [17.9797961, 43.61014], [17.978294, 43.6125617], [17.9770763, 43.6142396], [17.9764996, 43.6151697], [17.9750056, 43.6173291], [17.9689117, 43.6262394], [17.9658459, 43.6306543], [17.9642097, 43.6330849], [17.9624588, 43.6355879], [17.9607953, 43.6378409], [17.9591677, 43.6403456], [17.9563069, 43.644558], [17.9551035, 43.6462762], [17.9535451, 43.6485392], [17.9515072, 43.6515621], [17.9485358, 43.6561162], [17.9476069, 43.6590749], [17.9486911, 43.6594835], [17.9540548, 43.6614326], [17.9564367, 43.6666253], [17.9572467, 43.6682939], [17.9582713, 43.670849], [17.9592718, 43.6729889], [17.9618843, 43.6782287], [17.9627748, 43.6807136], [17.9639174, 43.6832916], [17.9655058, 43.6865025], [17.9676684, 43.6921479], [17.9692434, 43.6969772], [17.9751719, 43.7061449], [17.9784528, 43.7108248], [17.9808781, 43.7142639], [17.9847394, 43.7195745], [17.9863889, 43.7218347], [17.9894788, 43.72601], [17.9914798, 43.7286499], [17.9937167, 43.7317006], [17.9949935, 43.7334236], [17.9962702, 43.7353151], [18.0016641, 43.742526], [18.0021845, 43.7432391], [18.003708, 43.7444095], [18.006138, 43.7461611], [18.0093138, 43.7486103], [18.0156894, 43.7532893], [18.0171539, 43.7543162], [18.0187927, 43.755622], [18.0209304, 43.7572183], [18.0234383, 43.7591672], [18.0269144, 43.761735], [18.029205, 43.7633467], [18.0330138, 43.7662174], [18.0367903, 43.7689989], [18.0378686, 43.7698937], [18.0427931, 43.7735117], [18.0452446, 43.77534], [18.0470846, 43.7770327], [18.0487154, 43.7785549], [18.0534093, 43.7829392], [18.0548738, 43.7841398], [18.0584679, 43.7874897], [18.0631189, 43.7916642], [18.0650125, 43.793461], [18.0660639, 43.7944136], [18.0678771, 43.7960476], [18.072351, 43.7999699], [18.0834661, 43.8036557], [18.0922769, 43.8065241], [18.0966948, 43.8079879], [18.0990927, 43.8087738], [18.1044281, 43.810546], [18.1074858, 43.8115293], [18.1110356, 43.8127279], [18.1119905, 43.8142627], [18.1142596, 43.8180445], [18.1153623, 43.8198429], [18.1184506, 43.8249987], [18.1224296, 43.8315477], [18.1247527, 43.8354135], [18.1288455, 43.8421577], [18.1312112, 43.8460498], [18.1340114, 43.8505955], [18.1356449, 43.8532841], [18.1379864, 43.8572471], [18.1397889, 43.8602255], [18.1422243, 43.8641765], [18.143957, 43.8671158], [18.1458024, 43.8701324], [18.1476263, 43.8731217], [18.149477, 43.8761399], [18.1512097, 43.8790342], [18.1551633, 43.8803643], [18.1513713, 43.8836147], [18.1410931, 43.8912542], [18.1393979, 43.894776], [18.1377993, 43.8961753], [18.1324671, 43.901181], [18.1286798, 43.9046326], [18.1241201, 43.9089304], [18.1155692, 43.9169569], [18.1174575, 43.9236649], [18.1180637, 43.9258054], [18.119901, 43.9336732], [18.1201182, 43.9351586], [18.1208639, 43.9398713], [18.1210677, 43.9414164], [18.1218348, 43.9458042], [18.1225, 43.9493266], [18.1227843, 43.952115], [18.1236587, 43.9575678], [18.1241254, 43.9604214], [18.1243615, 43.9620085], [18.124914, 43.9656032], [18.1253217, 43.9683638], [18.1261961, 43.9735449], [18.1270973, 43.9793278], [18.1279235, 43.9846198], [18.1285404, 43.9883638], [18.1282024, 43.9901855], [18.1270169, 43.9975219], [18.1264965, 44.001184], [18.1255899, 44.0067558], [18.1251608, 44.009472], [18.1244902, 44.0136928], [18.1239699, 44.0165476], [18.1235085, 44.0193945], [18.1228326, 44.023792], [18.1225468, 44.0253317], [18.1218724, 44.0288873], [18.121443027605405, 44.03194929748327], [18.12321034940676, 44.03655746094777]]}, "properties": {"kind": "line", "bus0": "BA21-220", "bus1": "BA12-220", "cross_border": false, "voltage": 220.0}}, {"type": "Feature", "geometry": {"type": "LineString", "coordinates": [[19.014300399999993, 43.79897788969926], [19.020415606847806, 43.7982187102763], [19.0533641, 43.7940082], [19.0563816, 43.793648], [19.0633761, 43.7927216], [19.0668368, 43.7923237], [19.091835, 43.7940556], [19.1205963, 43.8046316], [19.1258883, 43.8066767], [19.1401242, 43.8085678], [19.1440295, 43.8091117], [19.1567364, 43.8108305], [19.1594374, 43.8111751], [19.1630208, 43.8087962], [19.1687635, 43.8050081], [19.1739804, 43.8015798], [19.1760001, 43.8002363], [19.180474, 43.8008771], [19.1833198, 43.8012313], [19.1925091, 43.8025438], [19.206541, 43.804468], [19.2091602, 43.8048184], [19.2123172, 43.8052617], [19.2153883, 43.8047971], [19.2187893, 43.8042996], [19.2438774, 43.8009758], [19.2480938, 43.8004037], [19.250308, 43.7998104], [19.2620561, 43.7963702], [19.2660552, 43.7951998], [19.2739275, 43.7928958], [19.27397199798211, 43.792883291688796], [19.281035441852282, 43.79218198525006]]}, "properties": {"kind": "line", "bus0": "BA14-220", "bus1": "BA15-220", "cross_border": false, "voltage": 220.0}}, {"type": "Feature", "geometry": {"type": "LineString", "coordinates": [[18.12321034940676, 44.03655746094777], [18.122110404261274, 44.04127911889039], [18.1219582, 44.0418761], [18.1234173, 44.0443632], [18.1261733, 44.0489099], [18.1251436, 44.0518049], [18.1234539, 44.0564119], [18.1225054, 44.0590988], [18.1218295, 44.0610649], [18.1212716, 44.0625952], [18.120601, 44.0642373], [18.119453, 44.0675214], [18.1178598, 44.0720656], [18.1163052, 44.0760829], [18.1167231, 44.0789042], [18.1172802, 44.0821866], [18.1176119, 44.084438], [18.1181469, 44.0874591], [18.1195013, 44.0929245], [18.1203596, 44.0956098], [18.1207673, 44.0971662], [18.1241661, 44.0975869], [18.1287306, 44.0982301], [18.1322208, 44.0986617], [18.1363005, 44.0991953], [18.1425554, 44.1000775], [18.1458489, 44.100525], [18.1504257, 44.0998497], [18.1555072, 44.0991062], [18.1608346, 44.0983318], [18.1660839, 44.0975567], [18.1704396, 44.098847], [18.1739962, 44.099894], [18.1771264, 44.1008276], [18.1809224, 44.1019365], [18.1839779, 44.1028397], [18.1869675, 44.1050812], [18.1899242, 44.107228], [18.1937468, 44.1100201], [18.1967509, 44.1122494], [18.1990348, 44.1139645], [18.2025654, 44.1165717], [18.2056188, 44.1188847], [18.208512, 44.1210764], [18.2112111, 44.1230304], [18.2153198, 44.1259919], [18.2162624, 44.1283495], [18.2197024, 44.1344529], [18.2210964, 44.1370234], [18.2235637, 44.1414926], [18.2249749, 44.1441599], [18.2261067, 44.1461044], [18.227676, 44.1491836], [18.2294656, 44.1525803], [18.2324677, 44.1582636], [18.2336714, 44.1606245], [18.2353504, 44.16363], [18.236477, 44.1658734], [18.2395124, 44.1709482], [18.2405861, 44.1732227], [18.2424046, 44.1770201], [18.2460256, 44.1795824], [18.2484342, 44.1813136], [18.2504781, 44.1828139], [18.2564433, 44.1870184], [18.2614644, 44.1905957], [18.2640286, 44.1924304], [18.2679822, 44.1952882], [18.2708736, 44.1972958], [18.2726278, 44.1985534], [18.2768174, 44.2015301], [18.2793962, 44.2033618], [18.2986827, 44.2080982], [18.3035429, 44.209294], [18.3050289, 44.2119741], [18.306311, 44.2142964], [18.3071961, 44.2158767], [18.3095832, 44.2200289], [18.3106132, 44.2218588], [18.3132793, 44.2265642], [18.3158221, 44.2310808], [18.3174314, 44.2339097], [18.31881, 44.236358], [18.3256229, 44.239498], [18.3276184, 44.2403897], [18.3322533, 44.2425034], [18.3383741, 44.2452741], [18.3406379, 44.2463079], [18.3458682, 44.2487249], [18.3518388, 44.2514454], [18.3539792, 44.2524406], [18.3570852, 44.2538162], [18.3623638, 44.2561215], [18.3668055, 44.2581117], [18.372186, 44.2604514], [18.3751257, 44.2617192], [18.3778079, 44.2628987], [18.3824911, 44.2649386], [18.3856185, 44.266333], [18.3880647, 44.2674202], [18.3904733, 44.2684304], [18.3927317, 44.269433], [18.3973666, 44.2761433], [18.3990027, 44.2806792], [18.3998396, 44.2830987], [18.4016367, 44.2881178], [18.4028007, 44.291401], [18.4033747, 44.2938892], [18.4044959, 44.2987154], [18.4065612, 44.3058332], [18.407103, 44.308766], [18.4080257, 44.3124127], [18.4084978, 44.314447], [18.4093346, 44.3193676], [18.4098692, 44.3224256], [18.4113409, 44.3274038], [18.4120973, 44.3316325], [18.413138, 44.3354658], [18.4141626, 44.3394139], [18.4164293, 44.3445157], [18.4176441, 44.3477389], [18.4194727, 44.3516738], [18.4231875, 44.3598476], [18.4247566, 44.363027], [18.4267307, 44.3673337], [18.428281, 44.3709307], [18.4292735, 44.3734922], [18.4332163, 44.3819772], [18.4354211, 44.3867579], [18.4366871, 44.3905032], [18.4384144, 44.394026], [18.4395302, 44.3961802], [18.4425987, 44.3975562], [18.4453882, 44.3989705], [18.44762, 44.4000895], [18.4534133, 44.4028223], [18.4547563, 44.4035785], [18.4596683, 44.4063443], [18.4640295, 44.4083064], [18.4680942, 44.410329], [18.4706707, 44.41133], [18.4727137, 44.4113738], [18.4785301, 44.4115273], [18.4829125, 44.4116465], [18.487778, 44.4118342], [18.491796, 44.4120488], [18.4968385, 44.4121255], [18.5021547, 44.4115468], [18.5073045, 44.4109912], [18.5127601, 44.4103819], [18.5167781, 44.4099259], [18.5202971, 44.409535], [18.5249803, 44.4089985], [18.5287904, 44.409927], [18.5370019, 44.4118227], [18.5425809, 44.41298], [18.5481009, 44.4142828], [18.5523656, 44.4179957], [18.5545865, 44.4199153], [18.5573063, 44.4221949], [18.560879, 44.4254169], [18.5631159, 44.4271907], [18.5671607, 44.4307189], [18.5705242, 44.4336646], [18.5741609, 44.4368446], [18.5771641, 44.439413], [18.5809026, 44.4426517], [18.5846877, 44.4458906], [18.5885129, 44.4491723], [18.5916064, 44.4518386], [18.5955874, 44.4552426], [18.6002199, 44.4592439], [18.6035009, 44.4620526], [18.6052823, 44.4635591], [18.6054742, 44.4667396], [18.6056837, 44.4706906], [18.6059526, 44.4745377], [18.606003111350496, 44.47532032164749], [18.605783043969407, 44.480477614181076]]}, "properties": {"kind": "line", "bus0": "BA12-220", "bus1": "BA4-220", "cross_border": false, "voltage": 220.0}}, {"type": "Feature", "geometry": {"type": "LineString", "coordinates": [[17.754869598202273, 43.660186909128925], [17.757458982218793, 43.66587112737067], [17.7589663, 43.6670519], [17.7632426, 43.6691383], [17.7660425, 43.6708127], [17.7696582, 43.6731229], [17.7718825, 43.6745418], [17.7777694, 43.6783456], [17.7830909, 43.6804444], [17.7888555, 43.6831081], [17.7910839, 43.6842657], [17.7997632, 43.6879567], [17.8013675, 43.6882244], [17.805836, 43.6890389], [17.8123967, 43.6902492], [17.8239678, 43.6953226], [17.8328298, 43.6987861], [17.8396158, 43.7016056], [17.8462998, 43.7014078], [17.853, 43.701148], [17.8641381, 43.7009262], [17.8694281, 43.7005167], [17.8746531, 43.7000513], [17.8834024, 43.6993106], [17.8972449, 43.6976762], [17.9016576, 43.6985058], [17.9163672, 43.7013768], [17.9255859, 43.7042466], [17.9286168, 43.7051618], [17.9329352, 43.7065307], [17.9383479, 43.7082137], [17.9402093, 43.7087721], [17.9420654, 43.7093382], [17.9559432, 43.7135803], [17.9578583, 43.7141425], [17.960283, 43.7150149], [17.9648615, 43.7173665], [17.9731576, 43.7215711], [17.9824273, 43.7263783], [17.9848842, 43.7276614], [17.988819, 43.7296926], [17.9920779, 43.734193], [17.9944382, 43.7373635], [17.9982577, 43.7427663], [17.9993252, 43.7443281], [18.0004732, 43.7459441], [18.0025975, 43.7476027], [18.0040298, 43.7488273], [18.0068837, 43.7511523], [18.010392, 43.7539771], [18.0166416, 43.7588747], [18.0191135, 43.760848], [18.0227559, 43.7638389], [18.0254864, 43.7659387], [18.0286353, 43.7684877], [18.0316018, 43.7709631], [18.0381786, 43.776111], [18.0428135, 43.7797635], [18.0464184, 43.7824862], [18.0511444, 43.7859253], [18.0529522, 43.7873001], [18.0651992, 43.7964621], [18.0705679, 43.8003681], [18.0810725, 43.8083249], [18.0849231, 43.8112198], [18.0932594, 43.818106], [18.095889, 43.8213], [18.0977226, 43.8234202], [18.1004166, 43.8264901], [18.1034357, 43.8307385], [18.108077, 43.8372519], [18.1122969, 43.8434563], [18.1198339, 43.851865], [18.1214996, 43.8537412], [18.1229077, 43.8553968], [18.1261291, 43.858942], [18.1303374, 43.8636723], [18.1327461, 43.8663352], [18.1336634, 43.8673794], [18.1352057, 43.8723469], [18.1374694, 43.8794968], [18.137912, 43.8808579], [18.1393443, 43.8854164], [18.1405969, 43.8893174], [18.137043, 43.8953094], [18.1321023, 43.8998204], [18.1237929, 43.9075159], [18.1209404, 43.9101418], [18.1141744, 43.9163696], [18.1148239, 43.9198645], [18.1149791, 43.9204617], [18.115596, 43.9234292], [18.1160957, 43.9259416], [18.1173019, 43.9316701], [18.1184553, 43.9375652], [18.1211053, 43.9494502], [18.1213145, 43.9513812], [18.1220065, 43.9562857], [18.122028, 43.9576412], [18.1227575, 43.9604485], [18.1230687, 43.9617459], [18.1236695, 43.9653214], [18.125091, 43.9723481], [18.1254183, 43.9737457], [18.1264509, 43.9797562], [18.1274567, 43.9845311], [18.1280415, 43.987754], [18.1272744, 43.9910577], [18.1250052, 44.0027274], [18.1241576, 44.0073499], [18.1234442, 44.0107876], [18.123015, 44.0137776], [18.1223927, 44.0164318], [18.1218831, 44.0190589], [18.1210194, 44.0236531], [18.1206928, 44.0253211], [18.1199895, 44.0288487], [18.1204666, 44.0321986], [18.120494731037688, 44.032231287096934], [18.12321034940676, 44.03655746094777]]}, "properties": {"kind": "line", "bus0": "BA18-220", "bus1": "BA12-220", "cross_border": false, "voltage": 220.0}}, {"type": "Feature", "geometry": {"type": "LineString", "coordinates": [[17.962361357541017, 44.191728677046385], [17.965535160169118, 44.19559616725452], [17.9655795, 44.1956614], [17.9665103, 44.1971652], [17.9684093, 44.1999362], [17.9694956, 44.2015668], [17.9713007, 44.2042837], [17.9729878, 44.2067717], [17.974227, 44.2085963], [17.9753374, 44.210294], [17.9783017, 44.2151987], [17.981485, 44.2204654], [17.9833519, 44.2233583], [17.9874397, 44.2298038], [17.9889909, 44.2327472], [17.9924097, 44.2341098], [18.0000102, 44.2369916], [18.0025198, 44.2389229], [18.0065548, 44.242299], [18.0059084, 44.2441437], [18.0049817, 44.2468942], [18.0038515, 44.2514398], [18.0060265, 44.2532696], [18.0090036, 44.2557241], [18.0117952, 44.258027], [18.0128597, 44.2600641], [18.0150193, 44.2641258], [18.0174784, 44.2687519], [18.018364, 44.2703777], [18.0210515, 44.2719814], [18.0244284, 44.2739557], [18.028682, 44.2764206], [18.0324344, 44.2786194], [18.0344488, 44.2813117], [18.0360715, 44.2834105], [18.0379947, 44.286068], [18.0396388, 44.2884008], [18.0430774, 44.2929242], [18.0450167, 44.295491], [18.0464521, 44.2974463], [18.0482648, 44.2998488], [18.0514942, 44.304116], [18.0561693, 44.3104308], [18.0593504, 44.3148469], [18.0610643, 44.3170558], [18.0645673, 44.3199977], [18.0666943, 44.3217229], [18.0685128, 44.3232599], [18.0706801, 44.3250329], [18.0725013, 44.3266178], [18.0740757, 44.3278765], [18.0767928, 44.3300773], [18.0809771, 44.3336804], [18.0826105, 44.3350521], [18.0856468, 44.3375423], [18.0913733, 44.3421329], [18.0933286, 44.3437442], [18.1004392, 44.3472927], [18.1028478, 44.3485261], [18.1060611, 44.350166], [18.1100629, 44.3521549], [18.1142928, 44.3542799], [18.1208592, 44.3575661], [18.1225781, 44.3584109], [18.124963, 44.3596181], [18.1265643, 44.3604695], [18.1309041, 44.3625827], [18.134635, 44.3644581], [18.1370249, 44.3651216], [18.1425288, 44.3666038], [18.1462544, 44.3676258], [18.1524449, 44.3693016], [18.1569832, 44.3705248], [18.1634147, 44.3722763], [18.167991, 44.3735637], [18.1704958, 44.3742396], [18.1736983, 44.3751253], [18.1820185, 44.3773396], [18.1841965, 44.3782502], [18.1880293, 44.3798324], [18.1927299, 44.3818499], [18.1960587, 44.3831457], [18.1998501, 44.3854231], [18.2081915, 44.3901311], [18.2125206, 44.3926534], [18.2151626, 44.3940007], [18.2168122, 44.3950433], [18.219894, 44.3967452], [18.2284482, 44.4015526], [18.230602, 44.4028595], [18.2337617, 44.4047508], [18.2355963, 44.4058258], [18.2386057, 44.4068759], [18.2407408, 44.4076423], [18.2452281, 44.4091867], [18.2474409, 44.409888], [18.2523172, 44.4116603], [18.2548519, 44.4126987], [18.2578667, 44.4137659], [18.2610665, 44.4149518], [18.2657685, 44.4166684], [18.2707828, 44.4185558], [18.272415, 44.4191379], [18.2761754, 44.4196149], [18.2830687, 44.4204865], [18.2881676, 44.4211321], [18.290603, 44.4214597], [18.2935883, 44.4218007], [18.3018684, 44.4228525], [18.3072756, 44.4239557], [18.3117618, 44.4249542], [18.3172369, 44.4260505], [18.3260404, 44.427783], [18.3307506, 44.4288788], [18.3422168, 44.4283365], [18.3563762, 44.4275588], [18.359863, 44.4274209], [18.3628832, 44.4273117], [18.380689, 44.4262467], [18.3846708, 44.425923], [18.3877017, 44.4256165], [18.3909901, 44.4254461], [18.3930366, 44.4256893], [18.3994605, 44.4264613], [18.4027623, 44.4268961], [18.4078746, 44.427601], [18.4128152, 44.4282082], [18.4181179, 44.4288958], [18.4238203, 44.4294992], [18.4266447, 44.429957], [18.4292276, 44.4302385], [18.4330793, 44.430748], [18.4358983, 44.431087], [18.4403454, 44.4316769], [18.4431912, 44.4320792], [18.4467559, 44.4324948], [18.4492745, 44.433169], [18.4509242, 44.4335731], [18.4573265, 44.4351263], [18.4606413, 44.4359588], [18.4650673, 44.4370703], [18.4685143, 44.4378545], [18.4750057, 44.439409], [18.4782754, 44.440242], [18.4838433, 44.4399058], [18.4878535, 44.4396637], [18.4921558, 44.43943], [18.4970803, 44.4391294], [18.4998323, 44.4389685], [18.504856, 44.4388593], [18.5088606, 44.4384284], [18.513018, 44.4381852], [18.5170333, 44.4379439], [18.5218639, 44.4377064], [18.526472, 44.4374958], [18.531646, 44.4371434], [18.5359026, 44.436858], [18.5396819, 44.4384093], [18.547471, 44.4419272], [18.5498367, 44.4428943], [18.5526664, 44.4440643], [18.558747, 44.4467815], [18.5615365, 44.4480204], [18.5651253, 44.4495484], [18.5697494, 44.4515263], [18.5727025, 44.452788], [18.575433, 44.4540306], [18.5795609, 44.4559509], [18.5824121, 44.4571245], [18.5857166, 44.4585068], [18.5887636, 44.4598354], [18.5935073, 44.4619253], [18.5945779, 44.4638811], [18.5964836, 44.467398], [18.5980103, 44.4702803], [18.5997289, 44.4732529], [18.6011026, 44.4760088], [18.601507503625548, 44.47676262979134], [18.605783043969407, 44.480477614181076]]}, "properties": {"kind": "line", "bus0": "BA6-220", "bus1": "BA4-220", "cross_border": false, "voltage": 220.0}}, {"type": "Feature", "geometry": {"type": "LineString", "coordinates": [[17.264451011211023, 44.328637955431425], [17.271188007116002, 44.32989648198832], [17.2739485, 44.3292995], [17.2766199, 44.3287508], [17.2792619, 44.3282193], [17.282097, 44.3276245], [17.2850796, 44.3270182], [17.2856214, 44.3259072], [17.2865468, 44.3237255], [17.2877833, 44.3208164], [17.2887818, 44.3188521], [17.2919756, 44.3125777], [17.2939577, 44.308553], [17.2961706, 44.304146], [17.2974688, 44.3016583], [17.2995421, 44.2976558], [17.2996583, 44.2964283], [17.3000356, 44.2924416], [17.3004192, 44.2888072], [17.3006123, 44.2869486], [17.3007169, 44.2853837], [17.3011353, 44.2827339], [17.3016155, 44.2794234], [17.3024603, 44.2741], [17.3027956, 44.2720028], [17.3033707, 44.2684147], [17.3044758, 44.2611157], [17.3066001, 44.2578271], [17.3079627, 44.2557907], [17.3111492, 44.2509187], [17.3128121, 44.248421], [17.3158484, 44.2437021], [17.3170071, 44.242088], [17.3212664, 44.2353084], [17.327854, 44.2257297], [17.333669, 44.219894], [17.3442369, 44.2093975], [17.3473053, 44.2062598], [17.3540215, 44.1994758], [17.3632751, 44.1902028], [17.3675935, 44.1805651], [17.3691063, 44.1771411], [17.3721586, 44.1704156], [17.3777698, 44.1578745], [17.3786496, 44.1559194], [17.3804735, 44.151805], [17.3820881, 44.1417237], [17.379524, 44.1341934], [17.3762248, 44.1245943], [17.3737465, 44.1174277], [17.3723517, 44.1132682], [17.3713218, 44.1104065], [17.3751681, 44.1046651], [17.3766969, 44.1024809], [17.3815613, 44.0950922], [17.3834077, 44.0920362], [17.3854853, 44.0886324], [17.3872125, 44.0857687], [17.3888719, 44.0830883], [17.3909282, 44.0797], [17.3930731, 44.0761572], [17.3944376, 44.0739246], [17.395694, 44.0709354], [17.3973045, 44.0673788], [17.3982945, 44.064668], [17.3997378, 44.0612602], [17.4009113, 44.0584582], [17.4022659, 44.055191], [17.4031494, 44.053151], [17.409072, 44.0496657], [17.4122802, 44.0478038], [17.414874, 44.0463113], [17.4185896, 44.0441325], [17.4221415, 44.0420664], [17.4255433, 44.0400867], [17.428491, 44.0383612], [17.4319257, 44.0363619], [17.4361511, 44.0338961], [17.4388138, 44.0323433], [17.4416546, 44.0306175], [17.443677, 44.0294681], [17.4472176, 44.0259505], [17.4510366, 44.0221015], [17.4534453, 44.0197446], [17.4664325, 44.0079856], [17.4681491, 44.0065426], [17.4735779, 44.001646], [17.4753485, 43.9998497], [17.485197, 43.9909724], [17.4888347, 43.9876931], [17.491415, 43.9853271], [17.4951808, 43.9819034], [17.4981312, 43.9792746], [17.5036727, 43.9744762], [17.5099705, 43.9688782], [17.5133985, 43.9658497], [17.5190256, 43.960878], [17.5251894, 43.9552478], [17.531691, 43.9514516], [17.5445442, 43.9439202], [17.5521187, 43.9395902], [17.5605838, 43.9345298], [17.5643174, 43.9323819], [17.5677506, 43.9303305], [17.5713287, 43.9295153], [17.5746868, 43.9287078], [17.5801371, 43.9273208], [17.583286, 43.9265172], [17.5870786, 43.9256363], [17.5887577, 43.9252499], [17.5938646, 43.9240483], [17.5973569, 43.9231674], [17.599803, 43.922553], [17.6090352, 43.9204897], [17.6120024, 43.9197219], [17.6159875, 43.9160691], [17.6181333, 43.9140751], [17.6211856, 43.911138], [17.6232295, 43.9092327], [17.6281057, 43.9048306], [17.6339476, 43.8993923], [17.6362221, 43.8972663], [17.6383625, 43.8953026], [17.6411412, 43.8927435], [17.6461087, 43.8875244], [17.648689, 43.8842961], [17.6522134, 43.8799038], [17.6543806, 43.8771738], [17.6590101, 43.8714043], [17.6612524, 43.8686469], [17.6635484, 43.8623969], [17.6642351, 43.8552023], [17.6645803, 43.8515849], [17.6649665, 43.8479871], [17.6645374, 43.846312], [17.6625874, 43.8356021], [17.6618212, 43.831499], [17.6614582, 43.8297434], [17.6610237, 43.8274253], [17.6581805, 43.8243756], [17.6549458, 43.8210432], [17.6536154, 43.8196343], [17.6494043, 43.8151753], [17.6461642, 43.8118618], [17.6438093, 43.8093997], [17.6442923, 43.8049094], [17.6449836, 43.7997928], [17.6454396, 43.7958976], [17.6465393, 43.7873242], [17.651339, 43.7814567], [17.6540119, 43.7781221], [17.6568294, 43.7753428], [17.6594017, 43.7716494], [17.6673645, 43.7620115], [17.6683567, 43.7608649], [17.6719565, 43.7566238], [17.6719623, 43.7551079], [17.6718908, 43.7496038], [17.6720826, 43.7480758], [17.672462, 43.7438815], [17.6726129, 43.7404911], [17.6727308, 43.7391487], [17.6724521, 43.737135], [17.6724691, 43.73678], [17.672731, 43.7351156], [17.6732159, 43.7344344], [17.6772046, 43.7314088], [17.6789053, 43.7300919], [17.6876103, 43.7235345], [17.6879775, 43.7232705], [17.6893488, 43.7222998], [17.6907993, 43.7213228], [17.6952464, 43.717911], [17.6968047, 43.7168758], [17.7021665, 43.7129577], [17.7035612, 43.7119483], [17.7076221, 43.7088087], [17.7102238, 43.7067108], [17.712273, 43.7061253], [17.7163177, 43.704655], [17.7208173, 43.7032645], [17.7278428, 43.7009502], [17.7346663, 43.6987454], [17.7410393, 43.6944054], [17.7437931, 43.6925949], [17.7444086, 43.6921725], [17.7485816, 43.6892698], [17.7500244, 43.6884628], [17.7538119, 43.6861045], [17.7541123, 43.6815462], [17.7546863, 43.675653], [17.7551237, 43.6708301], [17.754555, 43.6678255], [17.75415318091366, 43.66613651434434], [17.754869598202273, 43.660186909128925]]}, "properties": {"kind": "line", "bus0": "BA18-220", "bus1": "way/251735977-220", "cross_border": false, "voltage": 220.0}}, {"type": "Feature", "geometry": {"type": "LineString", "coordinates": [[18.109364416888965, 44.0815467972944], [18.105776431426122, 44.077852461047215], [18.105468, 44.0771028], [18.1043361, 44.0743742], [18.103113, 44.0713179], [18.1013857, 44.0669972], [18.1006937, 44.0653089], [18.0991273, 44.0612152], [18.0979846, 44.0582585], [18.0998783, 44.0538751], [18.1015788, 44.0498037], [18.10335, 44.0468663], [18.1051363, 44.0459158], [18.1095298, 44.0436428], [18.1116836, 44.0425014], [18.1147163, 44.0408311], [18.117141, 44.0403066], [18.11863322141467, 44.03995466963856], [18.12321034940676, 44.03655746094777]]}, "properties": {"kind": "line", "bus0": "BA9-220", "bus1": "BA12-220", "cross_border": false, "voltage": 220.0}}, {"type": "Feature", "geometry": {"type": "LineString", "coordinates": [[16.678952700000007, 44.93118399058617], [16.6794115438915, 44.926694958540416], [16.679708, 44.9238753], [16.6800835, 44.9201301], [16.6805263, 44.916352], [16.6806758, 44.9151185], [16.680813, 44.9141689], [16.6804442, 44.9108569], [16.6801343, 44.9078551], [16.6796167, 44.9045607], [16.6793552, 44.9013771], [16.6788747, 44.8971512], [16.6778629, 44.8871718], [16.6773995, 44.8830584], [16.6769573, 44.878528], [16.676667, 44.8755291], [16.6764154, 44.8731906], [16.6741751, 44.8694645], [16.6724697, 44.8667055], [16.6712183, 44.864698], [16.6681356, 44.8597301], [16.666815, 44.8575487], [16.664553, 44.8538342], [16.663138, 44.8515771], [16.6622527, 44.8500931], [16.6610272, 44.8480534], [16.6585551, 44.8441566], [16.6567124, 44.8410671], [16.6544214, 44.8374278], [16.6557468, 44.8340545], [16.6561803, 44.8329715], [16.6572233, 44.8302722], [16.6583872, 44.827325], [16.6595867, 44.8242896], [16.6607179, 44.8215171], [16.6616957, 44.8190233], [16.6638282, 44.8174637], [16.6662489, 44.8157054], [16.6697947, 44.8131555], [16.6715284, 44.8095185], [16.6724597, 44.8075832], [16.6748589, 44.8025782], [16.6761827, 44.7998294], [16.6773261, 44.7974439], [16.6794221, 44.7930835], [16.6801123, 44.7916214], [16.6815699, 44.7885766], [16.6836356, 44.784269], [16.6855648, 44.7802534], [16.6863212, 44.7786617], [16.6871956, 44.7768378], [16.6886923, 44.7736504], [16.6899489, 44.7710471], [16.6923733, 44.7659934], [16.6937294, 44.7632075], [16.6950182, 44.7605122], [16.6965739, 44.7572516], [16.6983589, 44.7535398], [16.699405, 44.7513226], [16.702275, 44.7453107], [16.7036496, 44.7424698], [16.7047922, 44.7401036], [16.706475, 44.736528], [16.7078379, 44.7336965], [16.7091535, 44.7309732], [16.7101566, 44.7288314], [16.7113462, 44.7263602], [16.7147218, 44.7234575], [16.717243, 44.7212811], [16.7195926, 44.719219], [16.7218832, 44.7172749], [16.7241897, 44.7152698], [16.726443, 44.7133066], [16.7288074, 44.7112961], [16.7316881, 44.7088256], [16.7351012, 44.705861], [16.7377673, 44.7035658], [16.7418161, 44.7000678], [16.7462659, 44.6962318], [16.7487255, 44.6941096], [16.751118, 44.6920523], [16.7533845, 44.6901035], [16.7556751, 44.6856528], [16.7569411, 44.6832289], [16.7579119, 44.6815279], [16.7607203, 44.6766091], [16.7621952, 44.6740267], [16.7635259, 44.6717168], [16.7647302, 44.6696052], [16.7665104, 44.6664771], [16.7677244, 44.6649587], [16.768992, 44.6613268], [16.7695929, 44.6595182], [16.7703331, 44.6575645], [16.7712022, 44.654672], [16.7734338, 44.6485279], [16.7742599, 44.6461083], [16.7742599, 44.643887], [16.7740131, 44.6402992], [16.7740668, 44.6372913], [16.774453, 44.633077], [16.7738844, 44.6269077], [16.7738415, 44.624785], [16.7733351, 44.6218768], [16.7736054, 44.6139867], [16.7735089, 44.610145], [16.7734874, 44.6082737], [16.7733694, 44.6046455], [16.7737556, 44.6000545], [16.7762329, 44.5954326], [16.7774571, 44.5931177], [16.7787016, 44.5908867], [16.7805577, 44.5874561], [16.7821241, 44.5845066], [16.7838515, 44.5812361], [16.7850853, 44.5789894], [16.7860723, 44.5771629], [16.7875637, 44.5742512], [16.7889359, 44.5717902], [16.7905463, 44.5689852], [16.7918874, 44.566631], [16.7930198, 44.5643784], [16.7949236, 44.5609286], [16.796579, 44.5578946], [16.7981852, 44.5549504], [16.8000815, 44.5520234], [16.8013931, 44.5489946], [16.8036843, 44.5449138], [16.8055774, 44.5415087], [16.8064545, 44.540057], [16.8075332, 44.538332], [16.8092144, 44.5356433], [16.810275, 44.5340384], [16.8120576, 44.5316128], [16.8144823, 44.5279492], [16.8154372, 44.526626], [16.8222088, 44.5216842], [16.8237485, 44.5205655], [16.8258673, 44.5190259], [16.8326319, 44.5140839], [16.8378997, 44.5102624], [16.8422556, 44.5070756], [16.8440044, 44.5058093], [16.8466974, 44.5038237], [16.8489933, 44.5021632], [16.8517989, 44.5000971], [16.8550819, 44.4977019], [16.858601, 44.4951344], [16.8645072, 44.4929035], [16.8703115, 44.4907031], [16.8723017, 44.4899492], [16.8770388, 44.488181], [16.879533, 44.487236], [16.8839586, 44.4853148], [16.9008136, 44.4781882], [16.9046974, 44.4764275], [16.9089461, 44.4746131], [16.9111562, 44.4736523], [16.9161022, 44.4715622], [16.9204537, 44.4700996], [16.9229618, 44.4692561], [16.9273677, 44.4677751], [16.9309881, 44.4665531], [16.9348941, 44.4652496], [16.9380547, 44.4641869], [16.941125, 44.4631619], [16.9443718, 44.4620712], [16.9489908, 44.4605312], [16.9520288, 44.4594955], [16.9551141, 44.4584756], [16.9579967, 44.4573073], [16.9622861, 44.4555724], [16.9658097, 44.4541564], [16.9692528, 44.452778], [16.9730011, 44.4512708], [16.9761918, 44.4499756], [16.9798041, 44.4481375], [16.9833416, 44.446345], [16.9867625, 44.4446138], [16.9899504, 44.4429935], [16.9936658, 44.4411081], [16.9972381, 44.4392922], [17.0010595, 44.4373478], [17.0059445, 44.4348491], [17.0083874, 44.4336108], [17.0113511, 44.4321082], [17.0142925, 44.4305785], [17.0162844, 44.4296195], [17.0192704, 44.4280735], [17.0219559, 44.4267081], [17.0255571, 44.424879], [17.0285909, 44.4232933], [17.0311339, 44.4218064], [17.0346704, 44.4197736], [17.0380481, 44.4178109], [17.0404994, 44.4163298], [17.0421468, 44.4154118], [17.04607, 44.4131734], [17.0476525, 44.4120791], [17.0499528, 44.4106863], [17.0528102, 44.4090477], [17.0562762, 44.4072288], [17.0586681, 44.4057703], [17.0616685, 44.4040086], [17.0625971, 44.4034965], [17.0672014, 44.4024687], [17.0716411, 44.401745], [17.0725555, 44.4015914], [17.0761942, 44.4007616], [17.081328, 44.3998705], [17.0854441, 44.3988893], [17.0876007, 44.3985135], [17.0928164, 44.3977606], [17.0970226, 44.3970397], [17.0992505, 44.3966414], [17.1010907, 44.3963174], [17.103445, 44.3958653], [17.1075169, 44.3950049], [17.1127262, 44.3937933], [17.1186611, 44.3924438], [17.1200042, 44.3917881], [17.1349319, 44.3836481], [17.1384831, 44.3818558], [17.1423965, 44.3796283], [17.1467846, 44.3772837], [17.1486501, 44.3762315], [17.1509635, 44.3749007], [17.1605228, 44.3694], [17.1669897, 44.3657607], [17.1730327, 44.3622976], [17.1874786, 44.3623691], [17.1896566, 44.3623806], [17.1927706, 44.3624976], [17.1953429, 44.362603], [17.1999107, 44.3619587], [17.2029737, 44.361487], [17.2083891, 44.360718], [17.2124688, 44.3601159], [17.2163928, 44.359531], [17.2199387, 44.3590189], [17.2247426, 44.3583094], [17.2269634, 44.3580006], [17.2298495, 44.3575768], [17.2325585, 44.3571722], [17.2352677, 44.3566869], [17.2412006, 44.3555516], [17.2439794, 44.3550376], [17.2473107, 44.3552256], [17.2541074, 44.3555516], [17.2564677, 44.3557357], [17.2570304, 44.3557633], [17.2620628, 44.35601], [17.2660191, 44.3562516], [17.269192, 44.3564126], [17.273607, 44.3566352], [17.2774426, 44.356965], [17.2794784, 44.3559275], [17.2813667, 44.3540173], [17.2831979, 44.3521619], [17.2846114, 44.3506811], [17.287004, 44.3483539], [17.2906936, 44.3449188], [17.2903231, 44.3433779], [17.2893156, 44.3395193], [17.2887294, 44.3371089], [17.2882437, 44.3354527], [17.2880743, 44.3346984], [17.287739, 44.3333491], [17.2868309, 44.3300919], [17.2867783, 44.3299033], [17.2826359, 44.3287195], [17.2802448, 44.3290482], [17.2767857, 44.3295062], [17.274528, 44.3297818], [17.27111710679069, 44.33028411648111], [17.264451011211023, 44.328637955431425]]}, "properties": {"kind": "line", "bus0": "way/251735977-220", "bus1": "BA1-220", "cross_border": false, "voltage": 220.0}}, {"type": "Feature", "geometry": {"type": "LineString", "coordinates": [[18.420983798347297, 45.28870540962547], [18.42259376052615, 45.28328730490143], [18.4234653, 45.2809908], [18.4247319, 45.2777356], [18.4259515, 45.2744671], [18.4273859, 45.2707293], [18.4287489, 45.2671738], [18.4314255, 45.2640608], [18.4342843, 45.2607254], [18.4370338, 45.2574685], [18.4397718, 45.2543013], [18.4424362, 45.2511556], [18.4455192, 45.2478663], [18.4480492, 45.2445755], [18.4510418, 45.2411729], [18.4538494, 45.2378836], [18.4558286, 45.2355858], [18.45513, 45.2321468], [18.4543294, 45.2282549], [18.4535479, 45.2244702], [18.452836, 45.2208796], [18.4520896, 45.2169903], [18.451574, 45.2131436], [18.4505164, 45.2092723], [18.449615, 45.2052597], [18.4488377, 45.2011837], [18.4481219, 45.1976364], [18.448401, 45.1941322], [18.4487534, 45.1902757], [18.449145, 45.1865857], [18.4494213, 45.1828732], [18.4497779, 45.1789973], [18.4501379, 45.1752349], [18.4503929, 45.1715564], [18.4506912, 45.1678576], [18.4510819, 45.1639073], [18.451426, 45.1601223], [18.4530187, 45.1567782], [18.4547238, 45.1529711], [18.4565176, 45.1490382], [18.458313, 45.145167], [18.4600016, 45.1415108], [18.4617304, 45.1377709], [18.4634066, 45.1340915], [18.465142, 45.130299], [18.4683231, 45.1232504], [18.4695758, 45.1205369], [18.4720687, 45.1171363], [18.4746881, 45.1135064], [18.4771385, 45.1099786], [18.479575, 45.1066206], [18.481911, 45.1033419], [18.484458, 45.0998163], [18.4869668, 45.0964622], [18.4891955, 45.0930588], [18.4918718, 45.0894234], [18.4941074, 45.0862829], [18.4955904, 45.0830744], [18.4973092, 45.0793775], [18.4989807, 45.0756348], [18.5008261, 45.071695], [18.5025212, 45.067914], [18.5040254, 45.0647086], [18.5027895, 45.0619957], [18.5007498, 45.0575249], [18.4990399, 45.0537608], [18.4970497, 45.0510739], [18.4954672, 45.0489515], [18.4935414, 45.0463439], [18.4913527, 45.0433762], [18.4891372, 45.0403742], [18.4880965, 45.0390247], [18.4833812, 45.0326788], [18.4811013, 45.029589], [18.4789072, 45.0265901], [18.4744762, 45.0206599], [18.4722339, 45.0176567], [18.4704637, 45.0152449], [18.470056, 45.0124462], [18.4695678, 45.0090481], [18.4690957, 45.0057257], [18.4676581, 44.9959697], [18.466789, 44.9895014], [18.4663277, 44.9863676], [18.4658234, 44.9830286], [18.4654157, 44.979885], [18.4649168, 44.9763426], [18.4644019, 44.9730297], [18.4639459, 44.9697355], [18.4635167, 44.9665247], [18.4631308, 44.9637124], [18.4631308, 44.9607707], [18.4631895, 44.9572099], [18.4632056, 44.9536909], [18.4632217, 44.9507411], [18.463206, 44.947317], [18.463216, 44.943934], [18.463238, 44.940684], [18.46327, 44.937498], [18.463281, 44.933761], [18.463308, 44.930951], [18.46216, 44.928296], [18.460802, 44.925132], [18.459392, 44.921831], [18.458008, 44.91858], [18.456677, 44.915389], [18.455309, 44.912194], [18.454054, 44.909208], [18.452949, 44.906651], [18.451463, 44.902966], [18.450696, 44.901294], [18.449543, 44.898653], [18.448695, 44.896696], [18.447204, 44.892991], [18.446319, 44.8909], [18.444768, 44.887153], [18.443261, 44.883371], [18.443502, 44.881102], [18.444216, 44.87938], [18.445551, 44.875849], [18.446479, 44.873469], [18.447236, 44.871561], [18.449494, 44.86739], [18.451173, 44.863086], [18.451822, 44.861409], [18.45318, 44.857926], [18.455513, 44.851613], [18.456334, 44.849853], [18.457895, 44.846631], [18.45959, 44.843303], [18.460937, 44.840557], [18.463168, 44.836099], [18.464021, 44.83441], [18.465791, 44.830853], [18.468034, 44.826398], [18.469155, 44.824084], [18.471542, 44.819419], [18.473543, 44.815344], [18.475571, 44.811318], [18.476713, 44.809], [18.478333, 44.805746], [18.479578, 44.803101], [18.480801, 44.800394], [18.482652, 44.796333], [18.48403, 44.79328], [18.485726, 44.789575], [18.48756, 44.785616], [18.49035, 44.779501], [18.49109, 44.777879], [18.492227, 44.775407], [18.494647, 44.770118], [18.495398, 44.768362], [18.496535, 44.765658], [18.498369, 44.761179], [18.499689, 44.757872], [18.501534, 44.753324], [18.503782, 44.746379], [18.505247, 44.74412], [18.506985, 44.7401], [18.509656, 44.733092], [18.510396, 44.731446], [18.511362, 44.72959], [18.521329, 44.722718], [18.526044, 44.719817], [18.5294032, 44.7177754], [18.5325682, 44.7153891], [18.5352987, 44.713525], [18.5375142, 44.7120611], [18.5413444, 44.7094611], [18.5463977, 44.7061137], [18.5482109, 44.7048822], [18.5539991, 44.7012715], [18.5570085, 44.6994718], [18.559959, 44.6976033], [18.5603291, 44.6945222], [18.5608334, 44.6904341], [18.5612518, 44.6869293], [18.5616434, 44.6836759], [18.5620457, 44.6808458], [18.5622871, 44.6790187], [18.5624025, 44.6757153], [18.5628718, 44.6736325], [18.56336, 44.6697947], [18.5635102, 44.6684175], [18.564272, 44.6657125], [18.5649479, 44.663305], [18.566348, 44.6583409], [18.5668093, 44.6567078], [18.5675389, 44.6539565], [18.5686386, 44.6500449], [18.5698724, 44.645572], [18.5705751, 44.6430415], [18.5752744, 44.637713], [18.576011, 44.6368634], [18.5769588, 44.6357701], [18.5792601, 44.6331934], [18.5813952, 44.6307693], [18.5833264, 44.6285932], [18.5895169, 44.6215949], [18.5916305, 44.6187083], [18.5943502, 44.6149509], [18.5956055, 44.6132707], [18.5966408, 44.6115866], [18.5993392, 44.6081457], [18.6014366, 44.6052355], [18.6041993, 44.6014467], [18.6060608, 44.5991549], [18.6068279, 44.5980854], [18.6074931, 44.5967179], [18.6089361, 44.5950639], [18.6104542, 44.592898], [18.6114574, 44.5914998], [18.6153305, 44.5860826], [18.6213333, 44.5768056], [18.6239943, 44.5724379], [18.6286718, 44.5646035], [18.6300773, 44.5611445], [18.6287734, 44.5606588], [18.6287386, 44.5605969], [18.6265117, 44.5594324], [18.6234272, 44.5575136], [18.619833, 44.5552507], [18.6167002, 44.553305], [18.6123819, 44.5505908], [18.6096353, 44.5455597], [18.6074895, 44.5444357], [18.6057353, 44.5408608], [18.6053887, 44.5384045], [18.6045308, 44.5362209], [18.6019427, 44.5309533], [18.6013043, 44.5285364], [18.601776558425648, 44.52738201295869], [18.604885316340617, 44.52231833808715]]}, "properties": {"kind": "line", "bus0": "way/113757307-220", "bus1": "way/841600752-220", "cross_border": true, "voltage": 220.0}}, {"type": "Feature", "geometry": {"type": "LineString", "coordinates": [[18.420983798347297, 45.28870540962547], [18.422137991209762, 45.28326134349713], [18.422971, 45.2808697], [18.4242, 45.277426], [18.4254221, 45.2739029], [18.4266963, 45.2702346], [18.4277964, 45.2670609], [18.4300861, 45.2638698], [18.4325283, 45.2605807], [18.4348597, 45.2572173], [18.4373556, 45.2537738], [18.4398227, 45.2502907], [18.4424934, 45.2468994], [18.4446855, 45.2435001], [18.4471845, 45.2399885], [18.449657, 45.2365521], [18.4514645, 45.2340158], [18.4510694, 45.2303537], [18.4507773, 45.2272346], [18.4503237, 45.2234102], [18.4499276, 45.2199121], [18.4495687, 45.2161579], [18.4494242, 45.2124896], [18.4487517, 45.2088457], [18.4483508, 45.2053059], [18.4479562, 45.2014847], [18.4475627, 45.1978352], [18.4477712, 45.1940918], [18.4479543, 45.1904908], [18.4481421, 45.1866307], [18.4483918, 45.1827685], [18.4485902, 45.1788475], [18.4488292, 45.1750564], [18.4489694, 45.1713247], [18.4491467, 45.1675092], [18.4493544, 45.1638466], [18.4494759, 45.1601111], [18.4497592, 45.156287], [18.4513616, 45.1528142], [18.4529451, 45.1492185], [18.4544881, 45.1456633], [18.4561979, 45.1419359], [18.4577825, 45.1383161], [18.4592974, 45.1347082], [18.4608934, 45.1310595], [18.4624838, 45.1274681], [18.4639713, 45.123991], [18.4651602, 45.1213175], [18.4677088, 45.1179871], [18.470378, 45.114322], [18.4729205, 45.1108669], [18.4751904, 45.1078222], [18.477869, 45.1042277], [18.4802851, 45.1009108], [18.4828135, 45.0974676], [18.4854194, 45.0939863], [18.4880426, 45.0903103], [18.4906123, 45.0868181], [18.4932108, 45.0833244], [18.4956087, 45.0800479], [18.4965689, 45.0774001], [18.4975667, 45.0743052], [18.4985752, 45.0712896], [18.499614, 45.0681259], [18.5006762, 45.0649623], [18.4989595, 45.0619083], [18.4971303, 45.0583843], [18.4955852, 45.0554585], [18.4939383, 45.0528967], [18.4907626, 45.048292], [18.4881823, 45.0443882], [18.48594, 45.0410981], [18.4836548, 45.0377131], [18.4816056, 45.0346198], [18.4795885, 45.031606], [18.4775501, 45.0286488], [18.4755277, 45.0256081], [18.4733712, 45.0224762], [18.4711074, 45.0190105], [18.4690528, 45.0159199], [18.4686237, 45.0129847], [18.468216, 45.0098977], [18.4677171, 45.0065829], [18.4672504, 45.0034234], [18.46673, 45.0002675], [18.4663706, 44.9967891], [18.4658234, 44.9934242], [18.4653621, 44.990025], [18.4649008, 44.9867166], [18.4644287, 44.9833246], [18.4639727, 44.9799589], [18.4634845, 44.9765703], [18.4630071, 44.9731929], [18.4624599, 44.9697507], [18.4619932, 44.9663956], [18.461489, 44.9631391], [18.4610116, 44.9603909], [18.4605824, 44.9573504], [18.4600406, 44.9540743], [18.4594934, 44.9504867], [18.458936, 44.947639], [18.458437, 44.944374], [18.45789, 44.940824], [18.457337, 44.93746], [18.456838, 44.934198], [18.456275, 44.930711], [18.455776, 44.927483], [18.454794, 44.924312], [18.45377, 44.921015], [18.452799, 44.917718], [18.451737, 44.914386], [18.450717, 44.910956], [18.44958, 44.907274], [18.448851, 44.904767], [18.445626, 44.903528], [18.4429711958955, 44.903897505039296], [18.435928500334384, 44.905013556635765]]}, "properties": {"kind": "line", "bus0": "way/113757307-220", "bus1": "way/692824732-220", "cross_border": true, "voltage": 220.0}}, {"type": "Feature", "geometry": {"type": "LineString", "coordinates": [[18.435928500334384, 44.905013556635765], [18.44270470242163, 44.90329039276851], [18.44503, 44.902791], [18.447681, 44.901028], [18.447048, 44.898831], [18.445305, 44.893276], [18.444532, 44.890532], [18.443717, 44.888016], [18.441887, 44.884911], [18.442397, 44.882991], [18.443341, 44.879498], [18.445723, 44.870793], [18.447107, 44.865725], [18.447542, 44.864105], [18.447059, 44.862523], [18.446061, 44.859173], [18.445535, 44.857531], [18.444559, 44.85434], [18.443701, 44.851423], [18.443111, 44.849533], [18.442086, 44.846103], [18.441244, 44.843421], [18.440284, 44.840192], [18.439178, 44.836627], [18.440278, 44.834379], [18.441727, 44.831488], [18.442799, 44.829167], [18.444194, 44.826287], [18.445353, 44.823864], [18.446308, 44.821809], [18.448035, 44.818293], [18.449677, 44.814834], [18.451356, 44.811344], [18.452783, 44.808459], [18.45444, 44.805019], [18.456414, 44.800958], [18.457144, 44.799416], [18.45863, 44.796352], [18.459617, 44.794555], [18.461752, 44.791034], [18.463141, 44.788631], [18.464397, 44.786488], [18.466119, 44.783529], [18.467513, 44.781123], [18.468919, 44.77872], [18.470035, 44.776866], [18.471789, 44.771207], [18.472357, 44.769257], [18.473039, 44.767056], [18.474026, 44.763944], [18.474476, 44.762459], [18.475024, 44.760607], [18.476166, 44.756916], [18.47747, 44.752665], [18.479143, 44.747198], [18.479948, 44.744565], [18.48108, 44.740923], [18.482142, 44.73741], [18.483113, 44.734277], [18.486965, 44.733397], [18.489486, 44.730249], [18.491884, 44.727356], [18.493853, 44.724959], [18.496578, 44.721555], [18.501218, 44.715739], [18.505381, 44.71071], [18.5061893, 44.7097044], [18.509592, 44.705499], [18.51118, 44.703547], [18.513899, 44.69944], [18.516324, 44.695852], [18.518068, 44.693186], [18.521206, 44.688244], [18.524601, 44.682885], [18.526243, 44.680322], [18.528394, 44.677023], [18.529612, 44.675153], [18.531801, 44.671815], [18.533624, 44.668943], [18.539815, 44.662823], [18.542138, 44.66082], [18.547845, 44.655913], [18.55144, 44.652864], [18.554792, 44.649887], [18.557432, 44.647624], [18.560854, 44.644674], [18.5695935, 44.6369916], [18.5720718, 44.6348196], [18.5752529, 44.6320634], [18.579442, 44.625213], [18.580955, 44.62267], [18.582414, 44.620208], [18.584425, 44.616786], [18.586587, 44.613025], [18.5887366, 44.6093768], [18.591313, 44.604944], [18.593186, 44.601827], [18.59495, 44.599077], [18.595637, 44.59779], [18.597853, 44.593993], [18.596216, 44.5919566], [18.594816, 44.590215], [18.592257, 44.587014], [18.59031, 44.584553], [18.587735, 44.581344], [18.5858182, 44.5789296], [18.585289, 44.578249], [18.583052, 44.575436], [18.581652, 44.572937], [18.579667, 44.569464], [18.5770761, 44.5648431], [18.576513, 44.563876], [18.574448, 44.560222], [18.5733268, 44.5582791], [18.5730992, 44.5578864], [18.572913, 44.557562], [18.573278, 44.555303], [18.573895, 44.552011], [18.574432, 44.548808], [18.575301, 44.545455], [18.575799, 44.543681], [18.57677, 44.541926], [18.577393, 44.540699], [18.578643, 44.538382], [18.579662, 44.536535], [18.581459, 44.533166], [18.582264, 44.532065], [18.585815, 44.530168], [18.588932, 44.528665], [18.591951, 44.5272041], [18.5941021, 44.5266955], [18.59758913707875, 44.52586197641214], [18.604885316340617, 44.52231833808715]]}, "properties": {"kind": "line", "bus0": "way/692824732-220", "bus1": "way/841600752-220", "cross_border": false, "voltage": 220.0}}, {"type": "Feature", "geometry": {"type": "LineString", "coordinates": [[18.604885316340617, 44.52231833808715], [18.60343061971134, 44.51658987484332], [18.6058894, 44.5156307], [18.6097142, 44.5132782], [18.6109373, 44.5107075], [18.6114933, 44.5057793], [18.6098375, 44.49826], [18.6098824, 44.4963821], [18.6098906, 44.4960376], [18.6099359, 44.4927891], [18.6088441, 44.4906663], [18.607736948343987, 44.488382994356385], [18.605783043969407, 44.480477614181076]]}, "properties": {"kind": "line", "bus0": "way/841600752-220", "bus1": "BA4-220", "cross_border": false, "voltage": 220.0}}, {"type": "Feature", "geometry": {"type": "LineString", "coordinates": [[18.965914839988226, 44.68645824024574], [18.962908296423542, 44.69115161695323], [18.9629381, 44.6917685], [18.963047, 44.6935403], [18.9633515, 44.6974491], [18.9635775, 44.7003132], [18.967232, 44.701933], [18.9722433, 44.7041127], [18.9753511, 44.7054697], [18.9792814, 44.7072109], [18.9833644, 44.7089603], [18.9868728, 44.7091027], [18.9916986, 44.7091737], [18.9962052, 44.7092773], [19.0008015, 44.7093359], [19.0053683, 44.7100411], [19.0104611, 44.7108015], [19.0150339, 44.7114556], [19.0202044, 44.7122458], [19.0256917, 44.7130571], [19.030385, 44.7137489], [19.033068, 44.716223], [19.0364034, 44.7192289], [19.039691, 44.7223251], [19.0431221, 44.7254765], [19.0464396, 44.7284662], [19.0523421, 44.7339095], [19.0575852, 44.7341533], [19.0631563, 44.7344505], [19.0687153, 44.7346628], [19.0734973, 44.7348964], [19.0790445, 44.7352361], [19.0838145, 44.7354484], [19.0885012, 44.7357198], [19.0937646, 44.7375117], [19.0987637, 44.7392423], [19.1038719, 44.7410299], [19.1089973, 44.7428176], [19.1141745, 44.7445847], [19.1190644, 44.7463273], [19.1243967, 44.7481719], [19.128712, 44.7499022], [19.1332514, 44.7516651], [19.137716, 44.7534768], [19.1423991, 44.7552845], [19.1465771, 44.7569156], [19.1551559, 44.7603429], [19.1592356, 44.7614037], [19.1645449, 44.7629133], [19.1694578, 44.7642596], [19.175359, 44.7676947], [19.1780826, 44.769302], [19.1817391, 44.7714692], [19.1855992, 44.773725], [19.1894816, 44.7760006], [19.1931907, 44.778149], [19.1967263, 44.7802496], [19.2005919, 44.7824971], [19.2040604, 44.7857213], [19.2073946, 44.7889175], [19.210617, 44.7920897], [19.2138541, 44.795328], [19.2172444, 44.7985789], [19.2205596, 44.8017154], [19.223553, 44.8046386], [19.2260528, 44.807006], [19.2284346, 44.8093047], [19.2308593, 44.8122503], [19.2336703, 44.815649], [19.2365349, 44.819062], [19.2393351, 44.822517], [19.2421461, 44.8258729], [19.2448283, 44.8291296], [19.2473817, 44.8322188], [19.2499352, 44.8352622], [19.2523492, 44.8382749], [19.2547632, 44.841067], [19.2548061, 44.8444978], [19.2549348, 44.8478524], [19.2549992, 44.8512372], [19.2551601, 44.8547968], [19.2552567, 44.858166], [19.2553533, 44.8614589], [19.2554498, 44.8644475], [19.2555464, 44.8672458], [19.2556429, 44.8702645], [19.2557073, 44.8729029], [19.2582393, 44.8751686], [19.2607606, 44.8773507], [19.2631853, 44.8794489], [19.2657602, 44.8817828], [19.268775, 44.8844435], [19.2717898, 44.8871116], [19.2753089, 44.8902281], [19.2784739, 44.8929568], [19.2814672, 44.8956169], [19.2843104, 44.8981402], [19.2870141, 44.9004885], [19.2899216, 44.9029735], [19.2908979, 44.9072441], [19.2919493, 44.9117576], [19.2927111, 44.9152526], [19.2959726, 44.9165442], [19.2987621, 44.9176078], [19.3021632, 44.9188994], [19.3045447, 44.9198098], [19.3061972, 44.9204416], [19.3095339, 44.9217558], [19.3136859, 44.9233359], [19.317838, 44.9249236], [19.3217759, 44.9264808], [19.3260889, 44.9281064], [19.3304019, 44.9297699], [19.3345218, 44.9313726], [19.3383305, 44.9328309], [19.341796, 44.9341449], [19.3456476, 44.9356183], [19.3498104, 44.9372588], [19.3515807, 44.9397194], [19.3535762, 44.9424761], [19.3553465, 44.9450353], [19.3572348, 44.9477158], [19.3590908, 44.9503126], [19.3601208, 44.9533498], [19.3612044, 44.9566904], [19.362449, 44.9604256], [19.3636399, 44.9640164], [19.3660539, 44.9666732], [19.3681782, 44.9688897], [19.3703883, 44.9712655], [19.3731563, 44.9743167], [19.3759888, 44.9773981], [19.3775659, 44.9810865], [19.3789606, 44.984342], [19.381085, 44.9870586], [19.382941, 44.9896461], [19.3847864, 44.9920211], [19.3883055, 44.993402], [19.3920498, 44.9948208], [19.3953543, 44.9961409], [19.3991952, 44.9975976], [19.4026778, 44.9989621], [19.4065552, 45.0004198], [19.410975, 45.0021343], [19.4138074, 45.0049866], [19.4163501, 45.007543], [19.4185495, 45.009682], [19.4211137, 45.0122913], [19.4238174, 45.01487], [19.4263816, 45.0175321], [19.4280016, 45.0202623], [19.4294071, 45.0224464], [19.4313276, 45.0252977], [19.4330313, 45.028202], [19.4347592, 45.0311903], [19.4358444, 45.0331529], [19.4374752, 45.0359506], [19.4392212, 45.0387205], [19.4411674, 45.0419277], [19.4422555, 45.043858], [19.4463137, 45.0456563], [19.4502225, 45.0473589], [19.4536096, 45.0488671], [19.4570112, 45.0503815], [19.460682, 45.0520072], [19.4638791, 45.0534049], [19.4684231, 45.0524251], [19.4730043, 45.0514122], [19.4777163, 45.0503828], [19.482335, 45.0493634], [19.4869256, 45.0483636], [19.4912313, 45.0474068], [19.4957145, 45.0464269], [19.4999985, 45.0454773], [19.5046172, 45.0444577], [19.5093806, 45.0434282], [19.513789, 45.0424614], [19.5180668, 45.0415177], [19.522634, 45.0405079], [19.5267763, 45.0396103], [19.5309046, 45.0386996], [19.5348881, 45.0378255], [19.5396535, 45.0367726], [19.5446175, 45.0356895], [19.54938, 45.0346426], [19.5541511, 45.0336056], [19.5588625, 45.0325686], [19.5629978, 45.0325145], [19.5670593, 45.0324423], [19.5711407, 45.0323881], [19.5752249, 45.0323319], [19.5792324, 45.0322938], [19.5835664, 45.0323019], [19.5888284, 45.032344], [19.5935087, 45.0324042], [19.5965134, 45.0323975], [19.59884, 45.0301585], [19.6014539, 45.0276125], [19.6042542, 45.0249416], [19.6075191, 45.0217858], [19.607776116765375, 45.02153736984559], [19.612584150313094, 45.01629601123313]]}, "properties": {"kind": "line", "bus0": "way/222962996-400", "bus1": "way/236110936-400", "cross_border": true, "voltage": 400.0}}, {"type": "Feature", "geometry": {"type": "LineString", "coordinates": [[17.769858195754946, 43.3031963063133], [17.764926005847418, 43.308055481656446], [17.7647454, 43.3091118], [17.7642787, 43.3116803], [17.7636939, 43.3156654], [17.7632004, 43.3179114], [17.7628031, 43.320153], [17.7624817, 43.3226063], [17.7621134, 43.3248544], [17.7606472, 43.32659], [17.7590295, 43.3283989], [17.7573336, 43.3305168], [17.7542303, 43.3341534], [17.7526828, 43.3359422], [17.7526853, 43.3384492], [17.7526799, 43.3404156], [17.7527926, 43.3439971], [17.7560762, 43.3475625], [17.7631888, 43.3573184], [17.7647742, 43.3578253], [17.7672543, 43.3588054], [17.7713723, 43.3604328], [17.772991, 43.3605592], [17.7746306, 43.3606873], [17.7757303, 43.3608121], [17.777779, 43.3618339], [17.7818726, 43.3638432], [17.7842817, 43.3649081], [17.7862934, 43.3659454], [17.7949677, 43.3691393], [17.8030712, 43.3712054], [17.8074177, 43.3721537], [17.809755, 43.3727672], [17.8121639, 43.373549], [17.8148568, 43.3743718], [17.82491, 43.3772453], [17.8328184, 43.3775966], [17.83491, 43.3787561], [17.8383478, 43.3811445], [17.8397704, 43.3829923], [17.8441254, 43.3884407], [17.8526384, 43.3990356], [17.8587699, 43.4000744], [17.8620154, 43.4004603], [17.8656685, 43.4009202], [17.8691393, 43.4013723], [17.8715459, 43.4022068], [17.8727174, 43.4026234], [17.8739353, 43.4030509], [17.8749253, 43.4033983], [17.8798574, 43.4051294], [17.8829098, 43.4068169], [17.887929, 43.4096932], [17.8925746, 43.4121132], [17.8940195, 43.4128261], [17.896809, 43.4144238], [17.8997326, 43.4180009], [17.9014921, 43.4202959], [17.903536, 43.4228986], [17.9057568, 43.4256298], [17.907575, 43.4278984], [17.9092008, 43.4299269], [17.9108584, 43.4319526], [17.9126608, 43.4342666], [17.9149354, 43.4370362], [17.9186475, 43.4390656], [17.9238564, 43.4417337], [17.9256588, 43.4426334], [17.9278993, 43.4438332], [17.9326809, 43.4462712], [17.9351002, 43.4474824], [17.9382794, 43.4491455], [17.9420257, 43.4510303], [17.9463172, 43.4533629], [17.9546106, 43.4576269], [17.9595512, 43.4602086], [17.9690384, 43.4649873], [17.9695076, 43.4652236], [17.975564, 43.4668393], [17.9806063, 43.4681514], [17.9839591, 43.4690079], [17.9878752, 43.4700229], [17.9884652, 43.4701758], [17.9892995, 43.4703965], [17.9925137, 43.4712466], [17.9959952, 43.4721537], [17.9988346, 43.4744153], [18.0028354, 43.4775659], [18.0044994, 43.4788763], [18.0076805, 43.481531], [18.0106631, 43.4839482], [18.013796, 43.4864158], [18.0167732, 43.488607], [18.0176764, 43.489265], [18.0197274, 43.4907594], [18.0229763, 43.4931543], [18.0262875, 43.4955072], [18.0294118, 43.4978678], [18.0333629, 43.500473], [18.0356291, 43.5024802], [18.0403874, 43.5052194], [18.0425423, 43.506811], [18.0465833, 43.5096315], [18.0487183, 43.5111449], [18.050612, 43.5124794], [18.052629, 43.5159378], [18.0513791, 43.5199563], [18.0505422, 43.5228464], [18.0497054, 43.5256081], [18.0489329, 43.5280973], [18.0482087, 43.5305204], [18.04705, 43.5343706], [18.0463902, 43.536669], [18.0454407, 43.5397761], [18.044518, 43.5423814], [18.0438903, 43.5441156], [18.0435202, 43.5451383], [18.0410847, 43.5519463], [18.0408541, 43.5534625], [18.0405054, 43.5571519], [18.0390393, 43.5589598], [18.0369257, 43.5616382], [18.0348084, 43.5643123], [18.0323016, 43.5674687], [18.030011, 43.5702322], [18.0288147, 43.5718257], [18.0268513, 43.5742587], [18.0229836, 43.5743209], [18.0190638, 43.5745344], [18.0145668, 43.5747561], [18.0102324, 43.5749038], [18.0052826, 43.5751407], [18.0045799, 43.5759257], [18.0027935, 43.5779], [17.9998163, 43.5811837], [17.9974988, 43.5836318], [17.9939943, 43.5876848], [17.9915052, 43.5917217], [17.9906056, 43.5931902], [17.9882506, 43.5970597], [17.9862282, 43.6002841], [17.9837498, 43.6033685], [17.9825037, 43.6049303], [17.9815323, 43.6063299], [17.9786271, 43.6105157], [17.97705, 43.6130209], [17.9760093, 43.6147531], [17.9744751, 43.6170251], [17.9730106, 43.6191533], [17.9744912, 43.6247764], [17.9765404, 43.6277159], [17.9774899, 43.6289351], [17.9791046, 43.6312997], [17.9810465, 43.6340991], [17.9833736, 43.6377469], [17.9849893, 43.6395694], [17.9863197, 43.6418598], [17.9869742, 43.6427721], [17.9875857, 43.643599], [17.9891789, 43.6456214], [17.9919792, 43.6495303], [17.9933471, 43.6512731], [17.9977727, 43.6574753], [18.0010665, 43.6620587], [18.0026114, 43.6640766], [18.0045265, 43.6666805], [18.0057282, 43.6682869], [18.0093357, 43.6734631], [18.0099607, 43.6783401], [18.010304, 43.6815001], [18.0107546, 43.6859981], [18.0109638, 43.68767], [18.0115153, 43.6889368], [18.0136772, 43.6929126], [18.015367, 43.6964228], [18.0166609, 43.6989494], [18.0178303, 43.701319], [18.0191821, 43.7039872], [18.0203891, 43.7062442], [18.0221487, 43.7098893], [18.0217571, 43.7116264], [18.0208977, 43.7158666], [18.0205597, 43.7176036], [18.0230542, 43.7199027], [18.0244167, 43.7213216], [18.0277588, 43.7244696], [18.0296417, 43.7262141], [18.0326082, 43.7289548], [18.0343581, 43.730666], [18.0373353, 43.7334918], [18.041659, 43.7374996], [18.0442018, 43.739984], [18.0458261, 43.7415596], [18.0496831, 43.7455359], [18.0510189, 43.7469], [18.0521561, 43.7481284], [18.0552675, 43.7513796], [18.0574455, 43.7536697], [18.0604603, 43.7567772], [18.0622091, 43.7585246], [18.0634536, 43.7597877], [18.0677183, 43.761597], [18.0724122, 43.7636039], [18.0744507, 43.7644756], [18.0770041, 43.7655603], [18.0812109, 43.7673557], [18.0835176, 43.7683126], [18.0882597, 43.7703347], [18.0923152, 43.7720082], [18.0963815, 43.7737551], [18.0999542, 43.776513], [18.103205, 43.7789687], [18.1049002, 43.7803127], [18.1093741, 43.7837441], [18.1112409, 43.7852352], [18.1139768, 43.787644], [18.1158114, 43.7892162], [18.1191802, 43.7921864], [18.1215674, 43.7942542], [18.1238079, 43.7962297], [18.126047, 43.7991795], [18.1293834, 43.8036473], [18.1307999, 43.8054517], [18.132109, 43.8073472], [18.1371942, 43.8103605], [18.1395642, 43.8117831], [18.1426338, 43.8135967], [18.1451979, 43.8150831], [18.1497041, 43.8178468], [18.1533519, 43.8200453], [18.1583504, 43.8230081], [18.1608022, 43.824461], [18.163113, 43.8259035], [18.1656844, 43.8272787], [18.1683604, 43.8288288], [18.1706948, 43.8300689], [18.1754226, 43.8327068], [18.1793049, 43.8363535], [18.181027, 43.8379732], [18.1841973, 43.8408883], [18.1863001, 43.8429389], [18.1884995, 43.8448657], [18.191171, 43.8474578], [18.1928447, 43.8490595], [18.1947115, 43.8507848], [18.1972543, 43.8531755], [18.2000008, 43.8558134], [18.2022217, 43.8578246], [18.2039383, 43.8594571], [18.207672, 43.8629769], [18.2096783, 43.8644812], [18.2172099, 43.8698608], [18.220906, 43.8724211], [18.2230464, 43.8739368], [18.2250741, 43.8753289], [18.2280246, 43.8774789], [18.2291833, 43.8783141], [18.2309965, 43.879594], [18.23414, 43.8818098], [18.2362528, 43.8833564], [18.2385487, 43.8849646], [18.2431729, 43.8882392], [18.2449217, 43.8895423], [18.2479472, 43.891738], [18.2526508, 43.8949722], [18.2578153, 43.8964043], [18.2597559, 43.896918], [18.2625161, 43.897624], [18.2659447, 43.8985454], [18.2695431, 43.8995401], [18.2743974, 43.9008121], [18.2786181, 43.9019943], [18.2811075, 43.9005349], [18.2835319, 43.8991442], [18.2876686, 43.89674], [18.2913892, 43.8945836], [18.2948858, 43.8925367], [18.2979343, 43.8907722], [18.302487, 43.8901553], [18.3055595, 43.8897228], [18.3076399, 43.8894864], [18.3104883, 43.8867415], [18.31054952532139, 43.886693862654276], [18.315516969695054, 43.88274824216157]]}, "properties": {"kind": "line", "bus0": "way/89827347-400", "bus1": "way/175002028-400", "cross_border": false, "voltage": 400.0}}, {"type": "Feature", "geometry": {"type": "LineString", "coordinates": [[18.315516969695054, 43.88274824216157], [18.310007304103358, 43.88621322039124], [18.3089201, 43.8868626], [18.3076267, 43.8871414], [18.3040574, 43.8853546], [18.301873, 43.8842097], [18.2968745, 43.8816583], [18.2923273, 43.8793159], [18.2875779, 43.8769022], [18.2850728, 43.875572], [18.2830791, 43.8745983], [18.2817326, 43.8732217], [18.2811299, 43.8701272], [18.2807582, 43.8680587], [18.2780507, 43.8665344], [18.2755528, 43.8651621], [18.2724878, 43.8635254], [18.271707, 43.8605967], [18.2710448, 43.8581297], [18.2704225, 43.8556695], [18.2700685, 43.852308], [18.2698324, 43.8495729], [18.2692799, 43.8472169], [18.2687917, 43.8448221], [18.2680966, 43.8414484], [18.2678208, 43.8401095], [18.2698896, 43.837547], [18.2713059, 43.8357454], [18.2727221, 43.8339747], [18.2744988, 43.8318139], [18.275606, 43.8301297], [18.2772968, 43.8275415], [18.2794373, 43.8243714], [18.2816656, 43.8208227], [18.281979, 43.8201252], [18.2825754, 43.8187977], [18.2866009, 43.8163638], [18.2904303, 43.814093], [18.293842, 43.8120375], [18.2940781, 43.8092465], [18.2945555, 43.8049144], [18.2966476, 43.8028509], [18.2996034, 43.8001058], [18.3014517, 43.7981467], [18.3037448, 43.7959706], [18.3073496, 43.7924546], [18.3097207, 43.7901312], [18.313272, 43.7866023], [18.3134114, 43.7864638], [18.3153802, 43.7846204], [18.3174026, 43.7826065], [18.3191192, 43.7807901], [18.3218497, 43.7795507], [18.3241403, 43.7783771], [18.3266723, 43.7771222], [18.3299821, 43.775507], [18.3332169, 43.7739111], [18.339976, 43.7705798], [18.343141, 43.7690148], [18.3447075, 43.7685344], [18.3483821, 43.7674071], [18.3520406, 43.7663573], [18.3592719, 43.7642033], [18.3615249, 43.7635602], [18.3708805, 43.7607203], [18.3752793, 43.7593507], [18.3796245, 43.7581496], [18.3818453, 43.7574483], [18.3868852, 43.755943], [18.3903131, 43.7551042], [18.3925688, 43.7558074], [18.39508, 43.7567767], [18.3967027, 43.7597252], [18.3990773, 43.7644824], [18.4000903, 43.76654], [18.4033519, 43.7697708], [18.4046447, 43.770929], [18.4064579, 43.772707], [18.4058678, 43.7761312], [18.4056318, 43.777452], [18.4052402, 43.7793421], [18.4048969, 43.7813251], [18.404296, 43.7847798], [18.4040064, 43.786023], [18.4036684, 43.7877192], [18.4029496, 43.7914987], [18.4026867, 43.7930244], [18.4013724, 43.799936], [18.4010881, 43.8017984], [18.4004122, 43.8049228], [18.3990389, 43.806723], [18.3978536, 43.8082599], [18.3951819, 43.8116259], [18.3938891, 43.8132904], [18.3906168, 43.817018], [18.3883525, 43.819564], [18.3878595, 43.8201184], [18.386886512940276, 43.821206575309176], [18.383769249933973, 43.8251178397691]]}, "properties": {"kind": "line", "bus0": "way/175002028-400", "bus1": "BA13-400", "cross_border": false, "voltage": 400.0}}, {"type": "Feature", "geometry": {"type": "LineString", "coordinates": [[16.50127907148467, 43.60043328704915], [16.51001060123879, 43.60185024299932], [16.5127786, 43.601993], [16.5164755, 43.6021495], [16.5214608, 43.6023848], [16.5247146, 43.6025876], [16.5263102, 43.6019925], [16.5290102, 43.6009856], [16.5360576, 43.5984075], [16.5525815, 43.592491], [16.5568384, 43.5909525], [16.5609046, 43.5894858], [16.5680035, 43.5868953], [16.5721504, 43.5870337], [16.5766774, 43.5871765], [16.5810717, 43.5873048], [16.5853432, 43.5874413], [16.5882836, 43.5875517], [16.5902159, 43.5876242], [16.5945926, 43.5877443], [16.5989557, 43.5878236], [16.6035553, 43.5880042], [16.6079062, 43.5881694], [16.6123017, 43.5882576], [16.6182488, 43.5884363], [16.621578, 43.588553], [16.6259953, 43.588674], [16.6295858, 43.5878615], [16.630672, 43.5889013], [16.6353922, 43.5890208], [16.6389061, 43.58911], [16.6423281, 43.589222], [16.6473686, 43.5893315], [16.650989, 43.5894003], [16.6542545, 43.5895406], [16.658004, 43.5878504], [16.6617631, 43.5861441], [16.665758, 43.5843367], [16.669523, 43.5826492], [16.6728175, 43.581178], [16.6762074, 43.5796529], [16.6799969, 43.5779599], [16.6838606, 43.5762591], [16.6872191, 43.5747564], [16.6905457, 43.572217], [16.6924689, 43.5707736], [16.6962254, 43.5678261], [16.6991536, 43.5655994], [16.7022092, 43.5632671], [16.704156, 43.5617904], [16.7095198, 43.5613923], [16.7132567, 43.5611591], [16.7170544, 43.560921], [16.722581, 43.5605515], [16.7271115, 43.560235], [16.7305321, 43.5600214], [16.7351499, 43.5597076], [16.7400188, 43.5593675], [16.7448295, 43.5590668], [16.7492981, 43.5587609], [16.7539705, 43.558426], [16.75841, 43.558136], [16.7628786, 43.5578327], [16.7668123, 43.5575294], [16.7712207, 43.557319], [16.7753967, 43.5569671], [16.7899027, 43.5559356], [16.7959952, 43.5555696], [16.8009469, 43.5552307], [16.805936, 43.5548885], [16.8086573, 43.553655], [16.8160451, 43.5502866], [16.8267526, 43.5454098], [16.8411915, 43.5388412], [16.8517121, 43.5340279], [16.8698401, 43.5256749], [16.8762974, 43.5227626], [16.8795611, 43.5212335], [16.8880056, 43.5172156], [16.9047343, 43.5094775], [16.9077148, 43.5080988], [16.9106508, 43.5067009], [16.9138515, 43.5052324], [16.9172894, 43.5036286], [16.9204927, 43.5021378], [16.9238412, 43.5005598], [16.9306676, 43.49737], [16.9340821, 43.4957759], [16.9516203, 43.4875485], [16.955256, 43.485878], [16.9660123, 43.4821124], [16.9703647, 43.480555], [16.9946693, 43.47224], [16.9967981, 43.4713823], [16.9986076, 43.4708061], [17.0057547, 43.4683326], [17.02015, 43.4632924], [17.0273105, 43.4607242], [17.0326501, 43.4607497], [17.0361167, 43.4606261], [17.039705, 43.4605259], [17.0434551, 43.4604141], [17.0459797, 43.4603606], [17.0508768, 43.4602688], [17.0560153, 43.460215], [17.0590175, 43.4601127], [17.0647764, 43.4600263], [17.067982, 43.4599641], [17.0723886, 43.4598756], [17.0767757, 43.4597196], [17.0820462, 43.4596698], [17.0909995, 43.4594888], [17.0964738, 43.4593982], [17.1046541, 43.4592308], [17.1157647, 43.4591403], [17.1201915, 43.4591991], [17.1246788, 43.4591843], [17.1295773, 43.4591894], [17.1342263, 43.4592246], [17.139194, 43.4592296], [17.1440093, 43.4592799], [17.1696003, 43.4593296], [17.1752071, 43.4592346], [17.1795195, 43.4592684], [17.1832301, 43.4592978], [17.1871244, 43.459705], [17.1902922, 43.4600202], [17.1942034, 43.4604393], [17.1977629, 43.4608065], [17.2026829, 43.4613389], [17.2059836, 43.4620769], [17.2098386, 43.4629261], [17.2144971, 43.4639764], [17.2182093, 43.4648142], [17.2226666, 43.4658207], [17.2267956, 43.466756], [17.2309342, 43.4676904], [17.2355096, 43.4687213], [17.239557, 43.4696275], [17.2434166, 43.4705022], [17.2468457, 43.4713136], [17.2496777, 43.4698336], [17.2598862, 43.4646004], [17.2636547, 43.4626667], [17.2673006, 43.4607894], [17.2712791, 43.4587725], [17.2752523, 43.4567108], [17.2780017, 43.4553313], [17.2816724, 43.4534535], [17.2849321, 43.4517658], [17.2915086, 43.4496271], [17.2954007, 43.4483615], [17.2986315, 43.4472973], [17.3016346, 43.4463082], [17.3053148, 43.445096], [17.309163, 43.4438284], [17.3180314, 43.4409377], [17.3211195, 43.4398948], [17.3283728, 43.4375347], [17.3408065, 43.4334534], [17.3512909, 43.4300117], [17.3580214, 43.4256397], [17.3648881, 43.4210971], [17.3690863, 43.4183891], [17.381003, 43.4105234], [17.3831184, 43.4096297], [17.3853908, 43.4086984], [17.3901569, 43.4066205], [17.3933685, 43.4052084], [17.3976835, 43.4032883], [17.4013685, 43.4016402], [17.4046129, 43.4002363], [17.4077946, 43.3988211], [17.4126843, 43.396633], [17.4159985, 43.3951863], [17.418982, 43.3938632], [17.4222121, 43.3924307], [17.4263777, 43.3905834], [17.4298175, 43.3890578], [17.4338068, 43.3873056], [17.4379651, 43.3854614], [17.4410542, 43.3841098], [17.4441877, 43.383454], [17.448803, 43.3825146], [17.4536383, 43.3815596], [17.4592868, 43.3804119], [17.4632939, 43.3796101], [17.4663974, 43.378978], [17.4700661, 43.378226], [17.4747336, 43.3772913], [17.4805075, 43.3761147], [17.4857446, 43.3750444], [17.4893241, 43.3743532], [17.4943139, 43.3725883], [17.4986181, 43.3710979], [17.502308, 43.3698069], [17.5050948, 43.3688417], [17.5098228, 43.3671756], [17.5133909, 43.3659408], [17.5161998, 43.3649529], [17.5214723, 43.3631002], [17.5248433, 43.3619156], [17.5303302, 43.3599873], [17.5329413, 43.3590698], [17.5380274, 43.3572823], [17.5412174, 43.3561895], [17.5456882, 43.3546114], [17.5502067, 43.3530559], [17.5538882, 43.351766], [17.5559677, 43.3510143], [17.5591357, 43.3499046], [17.5652919, 43.3477946], [17.5694865, 43.3463436], [17.5727441, 43.3446863], [17.5767347, 43.3426835], [17.5792243, 43.3413646], [17.5827949, 43.3394995], [17.5862605, 43.3377553], [17.5904913, 43.3355653], [17.5944948, 43.3335093], [17.598715, 43.3313236], [17.6018848, 43.3296853], [17.6053836, 43.3279206], [17.6086805, 43.3261889], [17.6134078, 43.3237942], [17.6160554, 43.322453], [17.6201116, 43.3211097], [17.6241425, 43.3197726], [17.6277258, 43.3185857], [17.6307564, 43.3176059], [17.6346438, 43.3163397], [17.6381089, 43.315192], [17.6426868, 43.31375], [17.6460189, 43.3126257], [17.6497276, 43.3114272], [17.653735, 43.3101276], [17.6563363, 43.3092511], [17.6605127, 43.3079003], [17.6646776, 43.3065326], [17.6681985, 43.3054074], [17.6725434, 43.3039463], [17.6768417, 43.3025693], [17.6807036, 43.3012796], [17.6841116, 43.3001654], [17.687381, 43.2991043], [17.6986894, 43.2954336], [17.7014041, 43.2945341], [17.7054649, 43.2932188], [17.7090216, 43.2920455], [17.71327, 43.2906875], [17.7172506, 43.2893216], [17.7200828, 43.2891429], [17.7242185, 43.2888522], [17.7273508, 43.2886459], [17.7309446, 43.2884413], [17.7348646, 43.2881654], [17.7386866, 43.2879006], [17.7419413, 43.2877161], [17.7444708, 43.2895587], [17.7468253, 43.2911786], [17.7491332, 43.2927924], [17.7515233, 43.2944346], [17.7539321, 43.2962724], [17.7562338, 43.2978966], [17.7592274, 43.299961], [17.762159607486694, 43.30114371353891], [17.769858195754946, 43.3031963063133]]}, "properties": {"kind": "line", "bus0": "way/43337263-400", "bus1": "way/89827347-400", "cross_border": true, "voltage": 400.0}}, {"type": "Feature", "geometry": {"type": "LineString", "coordinates": [[16.702004592938074, 43.45514307124362], [16.708792460191447, 43.45573656724752], [16.717083, 43.4568965], [16.719557, 43.4573141], [16.725164, 43.4565032], [16.7258304, 43.4564068], [16.7293321, 43.4559124], [16.7315808, 43.4555949], [16.7758621, 43.4490878], [16.7844181, 43.4519721], [16.8910725, 43.4363563], [16.8966852, 43.43555], [16.8996016, 43.4352066], [16.9064998, 43.4343271], [16.945771, 43.4293958], [16.9488258, 43.4282557], [16.9518615, 43.4285023], [16.960011, 43.4274721], [16.9699505, 43.4295957], [16.975919, 43.4308131], [17.0071451, 43.4373536], [17.0177686, 43.446968], [17.0211656, 43.4499968], [17.0249745, 43.4535265], [17.0294609, 43.4576251], [17.0343297, 43.4577698], [17.0421555, 43.4579798], [17.0470652, 43.4580887], [17.0515571, 43.4582036], [17.0580065, 43.4583895], [17.0619486, 43.4566864], [17.0656031, 43.4550566], [17.0765081, 43.4502726], [17.0941218, 43.4425161], [17.1055976, 43.4444968], [17.1090876, 43.4450692], [17.1170757, 43.4464746], [17.1237479, 43.4475525], [17.1288587, 43.4484271], [17.135052, 43.4495136], [17.1413864, 43.450559], [17.1474478, 43.451584], [17.158285, 43.4533615], [17.1635837, 43.4542815], [17.1687839, 43.4551868], [17.1734812, 43.4559033], [17.1809348, 43.4571916], [17.18611, 43.4580762], [17.1918335, 43.4590546], [17.1971345, 43.4599608], [17.2032036, 43.4609364], [17.204141, 43.4609395], [17.2063474, 43.4609544], [17.2085178, 43.4609664], [17.2197803, 43.4609731], [17.2227813, 43.4609765], [17.2244227, 43.4609783], [17.2299674, 43.4609845], [17.2357164, 43.460991], [17.2408024, 43.4609967], [17.2521754, 43.4610255], [17.2577978, 43.461065], [17.2633339, 43.4610701], [17.2682961, 43.461011], [17.27404, 43.4610519], [17.2795954, 43.4610885], [17.2835163, 43.4610925], [17.2928119, 43.4592288], [17.297223, 43.4583462], [17.3013841, 43.4575558], [17.3060468, 43.4566267], [17.3114484, 43.4555952], [17.3171198, 43.4544612], [17.3225229, 43.4534274], [17.3284623, 43.4522451], [17.331733634352247, 43.45160839352813], [17.337784600000006, 43.4507207894146]]}, "properties": {"kind": "line", "bus0": "way/59683455-220", "bus1": "BA20-220", "cross_border": true, "voltage": 220.0}}, {"type": "Feature", "geometry": {"type": "LineString", "coordinates": [[17.337784600000006, 43.4507207894146], [17.343094501862442, 43.44841736063881], [17.3469208, 43.4467564], [17.3517001, 43.4447048], [17.3565465, 43.4426449], [17.3612257, 43.4406088], [17.3663738, 43.438401], [17.3706921, 43.4365217], [17.3800878, 43.4325693], [17.383508, 43.4311096], [17.3894623, 43.4285682], [17.3926893, 43.4266462], [17.396209, 43.4245401], [17.4014754, 43.4213505], [17.4062504, 43.4184237], [17.4154783, 43.4128981], [17.4180252, 43.411595], [17.4235318, 43.4088192], [17.4240842, 43.4085403], [17.4285329, 43.4062945], [17.4349491, 43.4031005], [17.439216, 43.4009905], [17.4494421, 43.3958774], [17.4550398, 43.3930604], [17.4608681, 43.3902038], [17.4666121, 43.3872653], [17.4717012, 43.3847413], [17.4777394, 43.3862109], [17.4842824, 43.3878431], [17.4910215, 43.3894695], [17.4974719, 43.3911233], [17.503558, 43.3925631], [17.5100766, 43.3924303], [17.5161303, 43.3923426], [17.5229101, 43.3921942], [17.528651, 43.392063], [17.5337309, 43.3919389], [17.5361254, 43.3918804], [17.5436109, 43.3916975], [17.5493873, 43.3915563], [17.5547681, 43.3914248], [17.5662004, 43.3911455], [17.5719948, 43.3910039], [17.5770597, 43.3908801], [17.5837677, 43.3907733], [17.5957099, 43.3892204], [17.5988595, 43.3883036], [17.6041055, 43.3867856], [17.6088019, 43.385392], [17.614078, 43.383874], [17.6184637, 43.3826074], [17.6236066, 43.3810876], [17.6343886, 43.3780233], [17.6541188, 43.3722654], [17.6591118, 43.3708298], [17.6743277, 43.3665035], [17.6838546, 43.3636701], [17.6877441, 43.3625849], [17.6895246, 43.3620284], [17.6940261, 43.3606888], [17.702933, 43.3552604], [17.7073737, 43.3524245], [17.711599, 43.3498409], [17.7158885, 43.3472056], [17.7197884, 43.3447969], [17.7241675, 43.3420959], [17.728115, 43.339728], [17.7311655, 43.3373853], [17.7330734, 43.3359283], [17.7358462, 43.3338122], [17.7379329, 43.3321522], [17.7413932, 43.3296402], [17.7439786, 43.3276542], [17.7469751, 43.3253504], [17.7498876, 43.3231491], [17.7539249, 43.320128], [17.7563499, 43.3182595], [17.759989, 43.3154985], [17.7646967, 43.3119367], [17.76840572247651, 43.30909607734851], [17.769573186391867, 43.303025789031004]]}, "properties": {"kind": "line", "bus0": "BA20-220", "bus1": "way/89827347-220", "cross_border": false, "voltage": 220.0}}, {"type": "Feature", "geometry": {"type": "LineString", "coordinates": [[18.663329039744493, 45.47318683998], [18.668379284751556, 45.467743994449734], [18.6702401, 45.4664144], [18.6730922, 45.4644364], [18.6729408, 45.4612235], [18.6728532, 45.4580048], [18.6726938, 45.4546183], [18.6725424, 45.4512092], [18.672407, 45.4479285], [18.6722955, 45.4446308], [18.6721282, 45.4412938], [18.6720405, 45.4391585], [18.6723353, 45.4358323], [18.6725663, 45.4322264], [18.6729169, 45.4285365], [18.6731479, 45.4248574], [18.6734985, 45.4211055], [18.6737693, 45.4172861], [18.6740402, 45.4136064], [18.674327, 45.409876], [18.6746297, 45.4063132], [18.6749006, 45.4028341], [18.6751077, 45.3994331], [18.6754184, 45.395864], [18.6757212, 45.3925577], [18.6759283, 45.3892959], [18.6761434, 45.3860508], [18.6764223, 45.3825704], [18.676725, 45.378922], [18.6769959, 45.37543], [18.6772588, 45.3720497], [18.6783423, 45.3691282], [18.6795612, 45.3658371], [18.6808996, 45.3624114], [18.6822858, 45.3587001], [18.6836481, 45.3550949], [18.6849786, 45.3514894], [18.6863966, 45.347811], [18.6877191, 45.3443059], [18.6891611, 45.340487], [18.6905951, 45.3367014], [18.6920052, 45.3329212], [18.6933596, 45.3292583], [18.6947458, 45.3255672], [18.696132, 45.3217638], [18.6976059, 45.3180498], [18.6996772, 45.3145036], [18.7020195, 45.3106155], [18.7043219, 45.306727], [18.7065207, 45.3030961], [18.7084088, 45.2998908], [18.7120895, 45.296719], [18.7157621, 45.293547], [18.7154196, 45.2898424], [18.7151407, 45.2864514], [18.7149575, 45.2841476], [18.714591, 45.2806273], [18.7140811, 45.27635], [18.7137545, 45.2718369], [18.7133323, 45.2677272], [18.7129658, 45.2640321], [18.7125675, 45.260247], [18.7122329, 45.2566804], [18.7119301, 45.2529901], [18.7115398, 45.2490697], [18.7111175, 45.2450481], [18.7107909, 45.2411888], [18.7104722, 45.2374471], [18.710042, 45.2336546], [18.7096516, 45.2297609], [18.7093091, 45.226198], [18.7110378, 45.2230333], [18.712926, 45.2195373], [18.7148141, 45.2160411], [18.7165508, 45.2128926], [18.7182717, 45.2096822], [18.718901, 45.2066962], [18.7183752, 45.2040749], [18.7175706, 45.1999602], [18.7168217, 45.195834], [18.7161047, 45.1917075], [18.7153399, 45.1878783], [18.7147026, 45.1843633], [18.7140333, 45.1806628], [18.7133482, 45.1773327], [18.7162959, 45.174856], [18.7194746, 45.1721602], [18.7228685, 45.1692003], [18.726095, 45.166448], [18.728493, 45.1643753], [18.7321338, 45.1612633], [18.7354719, 45.1583647], [18.7385869, 45.1556962], [18.7391994, 45.1521115], [18.7399492, 45.1482743], [18.7406264, 45.1444871], [18.7413514, 45.1407334], [18.7420206, 45.1370694], [18.7427217, 45.1331297], [18.7434227, 45.1292516], [18.7441079, 45.1254913], [18.7448329, 45.1216408], [18.745518, 45.1180823], [18.7447054, 45.114726], [18.7438211, 45.1108186], [18.7429288, 45.1070514], [18.7420684, 45.1031997], [18.7411681, 45.0994039], [18.7403635, 45.0957203], [18.7397501, 45.093212], [18.7390649, 45.0900455], [18.7382762, 45.0866426], [18.7374556, 45.0831888], [18.7365634, 45.0795886], [18.7357985, 45.07596], [18.7348983, 45.072033], [18.7340777, 45.068404], [18.7332253, 45.0649097], [18.7324605, 45.0616122], [18.7320701, 45.0581795], [18.731608, 45.0543132], [18.7311619, 45.0504185], [18.7307078, 45.0463602], [18.7301983, 45.0422886], [18.7297753, 45.0384165], [18.7292661, 45.0346238], [18.7288384, 45.0310972], [18.7284819, 45.0278582], [18.726058, 45.0255132], [18.7223866, 45.0219428], [18.7194498, 45.0191588], [18.717193, 45.0120735], [18.7151005, 45.0052793], [18.7127671, 44.9978221], [18.711538, 44.9940023], [18.7103667, 44.9903311], [18.7091821, 44.9865138], [18.7080471, 44.9829915], [18.7070742, 44.9798737], [18.7061744, 44.9770243], [18.7050763, 44.9735824], [18.7045372, 44.9715673], [18.704291, 44.9677958], [18.7042045, 44.9644337], [18.7041313, 44.9615189], [18.7039849, 44.9579963], [18.7038451, 44.9542993], [18.7037186, 44.9505126], [18.7035855, 44.9469093], [18.7033992, 44.9434047], [18.7033593, 44.9400035], [18.7033021, 44.9384933], [18.7032195, 44.9370686], [18.7030731, 44.9336058], [18.7030132, 44.9305291], [18.7038118, 44.9277727], [18.7047594, 44.9246123], [18.7051091, 44.9234007], [18.7058909, 44.9206919], [18.7067604, 44.917786], [18.7077209, 44.9145205], [18.7087827, 44.9110231], [18.7097845, 44.9075332], [18.7108027, 44.9041511], [18.7118373, 44.9006376], [18.7129154, 44.8969349], [18.7138846, 44.8936101], [18.7150443, 44.8910603], [18.7163838, 44.8880746], [18.7175762, 44.8853202], [18.7187523, 44.8829012], [18.7205274, 44.8789621], [18.7221336, 44.8754316], [18.7238441, 44.8716649], [18.7253845, 44.8682838], [18.7287942, 44.8656632], [18.7337822, 44.8618249], [18.7365029, 44.8597666], [18.7376982, 44.8588187], [18.7398678, 44.8568654], [18.7431815, 44.8539031], [18.7456284, 44.8517094], [18.7489788, 44.8486957], [18.7517525, 44.8461953], [18.7546126, 44.8436874], [18.7571225, 44.8413821], [18.7600293, 44.8388036], [18.7624575, 44.8366099], [18.7653877, 44.8346976], [18.7686528, 44.8325709], [18.7720383, 44.8303149], [18.7754529, 44.8280919], [18.7786808, 44.8260096], [18.7816284, 44.8240763], [18.7861593, 44.821071], [18.7906289, 44.8181838], [18.7940263, 44.8159232], [18.7987659, 44.8128674], [18.8020988, 44.8106189], [18.8069377, 44.8074095], [18.8094826, 44.8057861], [18.8124653, 44.8038231], [18.8167497, 44.8009696], [18.8189385, 44.7983685], [18.8237776, 44.7925733], [18.8272322, 44.7883856], [18.8296891, 44.7854844], [18.8319315, 44.7828116], [18.8343966, 44.7797057], [18.8369365, 44.7766806], [18.8390054, 44.7741898], [18.8423196, 44.7717254], [18.8459234, 44.7690455], [18.8495953, 44.766366], [18.8526887, 44.7640657], [18.8559806, 44.7616404], [18.8595103, 44.7589671], [18.8631575, 44.7563814], [18.86544, 44.7546612], [18.8686847, 44.7518247], [18.8718453, 44.7490487], [18.8749088, 44.7463011], [18.8775624, 44.7440084], [18.8803745, 44.7415086], [18.8848578, 44.7375042], [18.8897779, 44.7332578], [18.9123418, 44.7116405], [18.9141756, 44.709701], [18.9242293, 44.6992303], [18.9275974, 44.6957421], [18.9299255, 44.6934122], [18.9332783, 44.6902202], [18.9381446, 44.6910201], [18.9416261, 44.691554], [18.945459, 44.6921661], [18.9503996, 44.6920479], [18.9538685, 44.6919039], [18.9569281, 44.6919106], [18.960385716853093, 44.68988941534834], [18.965914839988226, 44.68645824024574]]}, "properties": {"kind": "line", "bus0": "way/89823918-400", "bus1": "way/222962996-400", "cross_border": true, "voltage": 400.0}}, {"type": "Feature", "geometry": {"type": "LineString", "coordinates": [[18.606076809486325, 44.480645485154994], [18.613080534651225, 44.484033652868625], [18.6135109, 44.4842486], [18.6163004, 44.4849067], [18.6194957, 44.4856887], [18.6259947, 44.4890089], [18.6319255, 44.4920222], [18.6325934, 44.4923615], [18.63615, 44.4941332], [18.6406025, 44.4963832], [18.6467394, 44.4985642], [18.6503865, 44.4997958], [18.6543537, 44.5012285], [18.6613529, 44.5035771], [18.6642404, 44.5044554], [18.6697676, 44.5062882], [18.6738123, 44.5078248], [18.6803699, 44.5089997], [18.681462, 44.5091301], [18.6899323, 44.5104299], [18.690621, 44.510521], [18.6921482, 44.510723], [18.6933761, 44.5108696], [18.6953251, 44.5111024], [18.6968556, 44.5113189], [18.7044296, 44.5124494], [18.7197839, 44.5146622], [18.727477, 44.5158216], [18.7298816, 44.51635], [18.7394762, 44.51796], [18.7428424, 44.5184794], [18.7486148, 44.5184381], [18.7514151, 44.5186665], [18.756431, 44.5186719], [18.760322, 44.5186202], [18.7680318, 44.518913], [18.778774, 44.5217135], [18.7857369, 44.523562], [18.7901494, 44.5267994], [18.7933362, 44.5287592], [18.7951128, 44.5299967], [18.7982534, 44.5321184], [18.8023507, 44.5338288], [18.8057021, 44.5352299], [18.8201173, 44.541245], [18.8294252, 44.545536], [18.8309133, 44.5462299], [18.8717806, 44.5641742], [18.8737448, 44.5650035], [18.8775004, 44.5666559], [18.8809109, 44.5679959], [18.8834301, 44.5691588], [18.8881676, 44.5712704], [18.8927919, 44.5734844], [18.8994974, 44.5764956], [18.9008037, 44.5799816], [18.9019712, 44.5830688], [18.903121, 44.5861675], [18.9047921, 44.5905328], [18.9062619, 44.5943605], [18.9069861, 44.5963239], [18.9079758, 44.5994896], [18.9106607, 44.6064533], [18.9115298, 44.6090197], [18.9133, 44.6139728], [18.9147727, 44.6178529], [18.9157623, 44.6204604], [18.9168513, 44.6234767], [18.9175916, 44.6253246], [18.9189434, 44.6290241], [18.9206117, 44.6337044], [18.9222425, 44.6380637], [18.9233851, 44.6410638], [18.9252895, 44.646308], [18.9268881, 44.6540399], [18.9291412, 44.6651435], [18.9297348, 44.6683018], [18.9312408, 44.6756758], [18.9319866, 44.6789416], [18.9326142, 44.6820737], [18.934006, 44.6882609], [18.9356931, 44.689426], [18.9395072, 44.6902154], [18.9420097, 44.6908009], [18.945864, 44.6915655], [18.9500751, 44.6915197], [18.9536961, 44.6914472], [18.9564346, 44.6905339], [18.9578803, 44.6898608], [18.959272746021437, 44.689206258855705], [18.965914839988226, 44.68645824024574]]}, "properties": {"kind": "line", "bus0": "BA4-400", "bus1": "way/222962996-400", "cross_border": false, "voltage": 400.0}}, {"type": "Feature", "geometry": {"type": "LineString", "coordinates": [[18.106497799999985, 44.11134848994992], [18.102065170551853, 44.108198276967016], [18.1007547, 44.1072578], [18.1006857, 44.1053638], [18.1023712, 44.1025113], [18.1041453, 44.09942], [18.1064964, 44.0954367], [18.10746543772111, 44.093795873692926], [18.109364416888965, 44.0815467972944]]}, "properties": {"kind": "line", "bus0": "BA7-220", "bus1": "BA9-220", "cross_border": false, "voltage": 220.0}}, {"type": "Feature", "geometry": {"type": "LineString", "coordinates": [[18.109364416888965, 44.0815467972944], [18.11526195151242, 44.08011200714477], [18.1160134, 44.0790904], [18.1159404, 44.076299], [18.1157607, 44.0735169], [18.1156084, 44.0710432], [18.1153908, 44.0674946], [18.1152059, 44.0648682], [18.1150536, 44.0624723], [18.1148414, 44.0585948], [18.1147109, 44.0571915], [18.115012226920467, 44.05700549138402], [18.119763399999993, 44.054072589904266]]}, "properties": {"kind": "line", "bus0": "BA10-220", "bus1": "BA9-220", "cross_border": false, "voltage": 220.0}}, {"type": "Feature", "geometry": {"type": "LineString", "coordinates": [[17.800559444681674, 43.281217870934235], [17.79851676322201, 43.276314622426774], [17.7967128, 43.2727775], [17.7975075, 43.2693636], [17.7981868, 43.2666288], [17.7989808, 43.2633085], [17.799428, 43.2613283], [17.800238, 43.2578826], [17.8006586, 43.2551791], [17.8010158, 43.2531826], [17.8014208, 43.2502776], [17.8019519, 43.2468137], [17.8024884, 43.2432675], [17.8030784, 43.2397759], [17.8036149, 43.2363231], [17.8041567, 43.2328995], [17.8047253, 43.2294952], [17.8051981, 43.2263541], [17.8057392, 43.2225883], [17.8062783, 43.2200611], [17.8068791, 43.21017], [17.8092422, 43.2082443], [17.8120182, 43.2060664], [17.8151189, 43.2037184], [17.8182517, 43.2010985], [17.8213148, 43.1987033], [17.824638, 43.1960675], [17.8274302, 43.1938481], [17.8291602, 43.1911534], [17.8311826, 43.1880265], [17.8348949, 43.1820908], [17.8374617, 43.1781126], [17.8394358, 43.1749967], [17.8435101, 43.1685981], [17.8435476, 43.1657889], [17.8437032, 43.163809], [17.843789, 43.1604752], [17.84384, 43.1583778], [17.8439794, 43.1553881], [17.8440787, 43.1511595], [17.8439115, 43.1458506], [17.8442538, 43.1416379], [17.8444552, 43.1393878], [17.8448561, 43.1359359], [17.845186, 43.1301479], [17.8455294, 43.126817], [17.8457305, 43.1241792], [17.8484902, 43.1224952], [17.8510735, 43.1207845], [17.8539837, 43.1191537], [17.8580901, 43.116814], [17.8608179, 43.1152104], [17.8660855, 43.1122397], [17.8685638, 43.1106909], [17.8723715, 43.1081312], [17.8751395, 43.1062944], [17.8770798, 43.1050026], [17.8806141, 43.1026324], [17.8849529, 43.0997423], [17.8887314, 43.0972979], [17.8926302, 43.0948435], [17.8977452, 43.0921131], [17.8994645, 43.0911612], [17.90376, 43.0888933], [17.9070981, 43.0871221], [17.9118134, 43.0847695], [17.9152171, 43.0830613], [17.9197125, 43.08083], [17.923489, 43.0789629], [17.9283492, 43.0765591], [17.937789, 43.0718102], [17.940718, 43.0704072], [17.9471434, 43.0669543], [17.9496486, 43.065516], [17.9534413, 43.0634389], [17.9571561, 43.0613656], [17.9610266, 43.058814], [17.9649211, 43.0569639], [17.9695506, 43.0543573], [17.9726459, 43.0526287], [17.9758109, 43.0508764], [17.9788203, 43.0491634], [17.9829241, 43.0468504], [17.9860086, 43.0451176], [17.9893936, 43.0431848], [17.9919739, 43.0419342], [17.9975421, 43.0310104], [17.9993178, 43.0277046], [18.0017213, 43.0232338], [18.0031372, 43.0206455], [18.0057813, 43.0158399], [18.0085376, 43.0106275], [18.0128468, 43.0064228], [18.0257634, 42.992565], [18.0308144, 42.9868019], [18.0339311, 42.9833564], [18.035814, 42.981249], [18.0382494, 42.9785469], [18.0410604, 42.9754365], [18.0436675, 42.9736114], [18.0456845, 42.972167], [18.0490105, 42.9697982], [18.0533047, 42.9667679], [18.0572287, 42.9642104], [18.0602275, 42.9619414], [18.0632691, 42.9597135], [18.0679817, 42.9563705], [18.0718897, 42.9536026], [18.0754892, 42.9510485], [18.0790378, 42.9485415], [18.0827875, 42.9458753], [18.0857138, 42.9438687], [18.0886991, 42.9422056], [18.0926983, 42.9400654], [18.1001415, 42.9360498], [18.1054173, 42.9332475], [18.1094111, 42.9311148], [18.1123696, 42.9294809], [18.1186255, 42.9258717], [18.1263323, 42.9220155], [18.1342166, 42.9178269], [18.1356136, 42.9160818], [18.1382422, 42.9129113], [18.1409995, 42.9095127], [18.1427376, 42.9074381], [18.1457416, 42.9038703], [18.147823, 42.9013476], [18.1506179, 42.897917], [18.1532679, 42.8947573], [18.1559823, 42.8914954], [18.1577687, 42.8892983], [18.1613146, 42.8848883], [18.1638794, 42.881622], [18.1675351, 42.8771315], [18.1695763, 42.8745919], [18.1709415, 42.8729034], [18.1731651, 42.8714508], [18.1741731, 42.8709743], [18.177263, 42.8691304], [18.1793658, 42.8678762], [18.1820132, 42.8660518], [18.1844566, 42.8643788], [18.1873347, 42.8623853], [18.1924899, 42.8588483], [18.1952928, 42.8569097], [18.1974385, 42.8554409], [18.2019795, 42.8523164], [18.2055819, 42.849827], [18.2094978, 42.847127], [18.2108871, 42.8439707], [18.2121505, 42.8408968], [18.2128103, 42.8393666], [18.2143338, 42.8360368], [18.2160879, 42.8319338], [18.2176946, 42.8282849], [18.2190303, 42.8252633], [18.2220398, 42.8185233], [18.2253684, 42.8108164], [18.2263903, 42.8084551], [18.2279755, 42.8049406], [18.2294936, 42.8013984], [18.2304404, 42.7991155], [18.2321222, 42.7952029], [18.2332675, 42.7925045], [18.2348205, 42.7889832], [18.2357298, 42.7869046], [18.2387553, 42.7798493], [18.2396699, 42.7777054], [18.2404692, 42.7757878], [18.24101, 42.7745878], [18.244735, 42.7723869], [18.2481377, 42.7702592], [18.2508172, 42.7684064], [18.2539151, 42.7663093], [18.2573886, 42.7639877], [18.2592635, 42.7628043], [18.2644244, 42.759358], [18.2743509, 42.7525537], [18.2782919, 42.7499287], [18.2824762, 42.7471022], [18.284429, 42.7458008], [18.2883341, 42.7407063], [18.2908849, 42.7371032], [18.2929502, 42.7341954], [18.2942751, 42.731654], [18.2967992, 42.7291202], [18.29902, 42.725615], [18.3002619, 42.7237786], [18.3018954, 42.7215736], [18.3040679, 42.7187518], [18.3071415, 42.7146597], [18.3059882, 42.7098824], [18.3054946, 42.707677], [18.3073212, 42.7055621], [18.3093007, 42.7031495], [18.3116476, 42.7002539], [18.314185, 42.6972064], [18.3172588, 42.6935259], [18.318772, 42.6916611], [18.3214751, 42.6883366], [18.3243269, 42.6849942], [18.3259362, 42.6830423], [18.327426983047058, 42.68122532535484], [18.333137433557468, 42.67719632995537]]}, "properties": {"kind": "line", "bus0": "way/245190169-220", "bus1": "BA23-220", "cross_border": false, "voltage": 220.0}}, {"type": "Feature", "geometry": {"type": "LineString", "coordinates": [[15.880297399999996, 44.829408890508915], [15.886474512843552, 44.83031180943186], [15.8871248, 44.8304043], [15.8911387, 44.830924], [15.8950145, 44.8314281], [15.8991263, 44.8319931], [15.9024118, 44.8324768], [15.9063334, 44.8330107], [15.9100616, 44.8334672], [15.9149674, 44.8341285], [15.9177569, 44.8345001], [15.9215147, 44.8350155], [15.9260664, 44.8356356], [15.9301742, 44.8361582], [15.9335377, 44.8348553], [15.9375351, 44.833279], [15.9406777, 44.8320897], [15.9442665, 44.8306935], [15.947056, 44.8296244], [15.9495505, 44.8286314], [15.9530535, 44.8268052], [15.955387, 44.8255649], [15.9582036, 44.8241078], [15.9624962, 44.8253617], [15.9671149, 44.8267086], [15.9714706, 44.827966], [15.9747206, 44.828932], [15.9804624, 44.8306334], [15.9839976, 44.8315961], [15.9877253, 44.83271], [15.9917548, 44.8339013], [15.9961337, 44.8351829], [15.9990252, 44.8359703], [16.0027105, 44.8371154], [16.0068867, 44.8374748], [16.0107464, 44.8378647], [16.0155958, 44.8382775], [16.0190908, 44.8385951], [16.0251284, 44.8391409], [16.0292697, 44.8395156], [16.0333467, 44.8398941], [16.0369972, 44.8402536], [16.0405511, 44.8406815], [16.0436705, 44.840885], [16.0489116, 44.84133], [16.0522509, 44.8416305], [16.0555769, 44.841931], [16.0590235, 44.8422714], [16.0625694, 44.8426004], [16.0662655, 44.8429142], [16.0704175, 44.8433498], [16.0735278, 44.8435968], [16.0782442, 44.8440325], [16.0825545, 44.8444071], [16.0868139, 44.8447913], [16.0901425, 44.845126], [16.0935798, 44.8461145], [16.0958358, 44.8468801], [16.100898, 44.8485261], [16.1056725, 44.850114], [16.1100686, 44.8515364], [16.1151353, 44.8531488], [16.1184961, 44.8542231], [16.1222137, 44.8554648], [16.1264353, 44.8568051], [16.1296595, 44.8578814], [16.1332027, 44.859024], [16.1358178, 44.8598986], [16.1395219, 44.8611268], [16.1435345, 44.8624291], [16.1473218, 44.8636021], [16.1510206, 44.8648321], [16.153003, 44.865045], [16.1596477, 44.8655445], [16.1622554, 44.8658114], [16.1670929, 44.866313], [16.1705256, 44.8666229], [16.175949, 44.8646648], [16.1794144, 44.8634519], [16.1833117, 44.862028], [16.1873001, 44.8623721], [16.1912939, 44.8627409], [16.1978519, 44.8632523], [16.1991233, 44.863374], [16.2017867, 44.8636306], [16.2046969, 44.8638987], [16.2097583, 44.8643207], [16.2123198, 44.8645755], [16.2162814, 44.8648702], [16.2202377, 44.8652865], [16.2254411, 44.8657617], [16.2283138, 44.8659157], [16.2349389, 44.866621], [16.2378839, 44.866813], [16.2431625, 44.8672636], [16.245142, 44.8674099], [16.2472019, 44.8679802], [16.250552, 44.8687501], [16.2570322, 44.870307], [16.2646363, 44.872147], [16.273627, 44.874274], [16.2756682, 44.8748005], [16.2785408, 44.8754525], [16.2873707, 44.877585], [16.2903774, 44.8783358], [16.2943766, 44.8792652], [16.3020554, 44.8811411], [16.3065833, 44.8822472], [16.3111659, 44.8833414], [16.3153502, 44.8843601], [16.3185903, 44.8851506], [16.322399, 44.886002], [16.325961, 44.8868686], [16.3283857, 44.8874311], [16.3320458, 44.8893781], [16.3349732, 44.8909352], [16.3378249, 44.8924119], [16.3414014, 44.8942639], [16.3454124, 44.8963392], [16.3476885, 44.8975016], [16.3508197, 44.8992043], [16.3551434, 44.9014538], [16.3575483, 44.9027453], [16.3623532, 44.9052382], [16.3697883, 44.9090908], [16.3770517, 44.9129279], [16.3823464, 44.9156821], [16.3873728, 44.9168939], [16.3924583, 44.9181436], [16.3946202, 44.9186375], [16.4013471, 44.9202746], [16.4042976, 44.9209887], [16.4067598, 44.9215775], [16.4107402, 44.9225423], [16.4162924, 44.9238679], [16.4197471, 44.9246351], [16.4274665, 44.9265456], [16.4313933, 44.9274875], [16.4370473, 44.9288662], [16.4403626, 44.9296713], [16.4442625, 44.9308752], [16.4480873, 44.9320677], [16.4500507, 44.9327095], [16.4545032, 44.9341185], [16.4588376, 44.935497], [16.4617827, 44.9364084], [16.4665785, 44.9379235], [16.4691105, 44.9387323], [16.4722218, 44.9397082], [16.4774146, 44.9413448], [16.4790293, 44.941865], [16.4851072, 44.9437635], [16.4893933, 44.9451456], [16.4917108, 44.945867], [16.4934649, 44.9458973], [16.4963242, 44.9459581], [16.5023632, 44.9460549], [16.5058299, 44.9460948], [16.5118112, 44.9462428], [16.5163603, 44.9463188], [16.5231087, 44.9464327], [16.5273144, 44.9465314], [16.5309139, 44.9466035], [16.5349641, 44.9466719], [16.540425, 44.9467782], [16.545941, 44.9468879], [16.5518848, 44.9469942], [16.5540681, 44.9470398], [16.5566752, 44.9470701], [16.5600119, 44.9471347], [16.5658202, 44.9472186], [16.5707987, 44.9472981], [16.5769085, 44.9474046], [16.5799286, 44.947435], [16.5822997, 44.9474806], [16.5879967, 44.9475945], [16.5904367, 44.9475907], [16.5925082, 44.9476438], [16.5957872, 44.9476852], [16.6002005, 44.9477695], [16.6038758, 44.9478197], [16.6064538, 44.9478487], [16.610288, 44.9478833], [16.6178261, 44.9480519], [16.6210818, 44.9472218], [16.625555, 44.9459836], [16.6341525, 44.9437225], [16.6362522, 44.9431832], [16.6392718, 44.9423689], [16.6443318, 44.9418779], [16.6480594, 44.9415339], [16.6501175, 44.9412989], [16.653061, 44.9409966], [16.6565779, 44.9406425], [16.6596501, 44.9403639], [16.6633682, 44.9400044], [16.6662387, 44.9398005], [16.6692053, 44.9394372], [16.6729551, 44.9390435], [16.6788165, 44.9384543], [16.6822105, 44.9381314], [16.6860693, 44.9377146], [16.6920175, 44.9380155], [16.6963273, 44.9381961], [16.7011231, 44.9384378], [16.7032272, 44.9386721], [16.7068172, 44.939082], [16.7109196, 44.9395779], [16.71129817329456, 44.93962129027679], [16.71876991179986, 44.94099405009348]]}, "properties": {"kind": "line", "bus0": "way/79818891-220", "bus1": "BA3-220", "cross_border": false, "voltage": 220.0}}, {"type": "Feature", "geometry": {"type": "LineString", "coordinates": [[18.23571320083028, 42.610505495629674], [18.247164781977155, 42.60687387059124], [18.2493737, 42.6081033], [18.2549214, 42.6110742], [18.2568751, 42.6122781], [18.2623618, 42.6141177], [18.2657019, 42.6154753], [18.2681881, 42.6162466], [18.2707237, 42.6171528], [18.2759994, 42.6190549], [18.2790023, 42.6201086], [18.2829961, 42.6215652], [18.2872908, 42.6231073], [18.2897906, 42.6257716], [18.2923387, 42.629612], [18.2950855, 42.6325493], [18.297934, 42.6357421], [18.3006966, 42.6379995], [18.3037059, 42.6414949], [18.3099957, 42.6486843], [18.313217, 42.6521406], [18.3148783, 42.6538867], [18.3189196, 42.6604184], [18.3195757, 42.6614895], [18.3215942, 42.6648959], [18.3231484, 42.6684046], [18.3244317, 42.6714075], [18.32560624425531, 42.67413488375412], [18.333137433557468, 42.67719632995537]]}, "properties": {"kind": "line", "bus0": "way/171251171-220", "bus1": "way/245190169-220", "cross_border": false, "voltage": 220.0}}, {"type": "Feature", "geometry": {"type": "LineString", "coordinates": [[18.605783043969407, 44.480477614181076], [18.607093751153954, 44.47530529623613], [18.6072455, 44.4744729], [18.6077916, 44.4714854], [18.6084042, 44.4680111], [18.6091912, 44.463909], [18.6099499, 44.4597348], [18.6114008, 44.4566591], [18.6124214, 44.4544341], [18.6140788, 44.4508885], [18.6151545, 44.4484957], [18.6173618, 44.4471739], [18.6198924, 44.4456299], [18.622888, 44.4438463], [18.6255107, 44.4417605], [18.6279906, 44.4398581], [18.6310113, 44.43756], [18.634142, 44.4351414], [18.6372228, 44.4327477], [18.6365195, 44.4290629], [18.6358964, 44.4256808], [18.6380484, 44.4241057], [18.6398564, 44.4227025], [18.6418975, 44.4211737], [18.6472871, 44.4214577], [18.6506622, 44.4216651], [18.6538501, 44.4211246], [18.6606692, 44.4200016], [18.6624579, 44.4175885], [18.6639754, 44.4155354], [18.6676559, 44.4137321], [18.6698119, 44.4126703], [18.6744654, 44.4104476], [18.6769953, 44.4091944], [18.6822713, 44.4066343], [18.6865417, 44.4045499], [18.6888315, 44.4034219], [18.6929495, 44.4014133], [18.6957102, 44.4000709], [18.7008507, 44.3975802], [18.7053877, 44.3985474], [18.7127435, 44.4002107], [18.7180094, 44.4013957], [18.7214164, 44.402137], [18.7252864, 44.4030402], [18.7302959, 44.4041512], [18.7332755, 44.4048127], [18.7374541, 44.4057541], [18.7412053, 44.4066318], [18.7456569, 44.4067548], [18.7500016, 44.4068226], [18.7541861, 44.4069625], [18.7632555, 44.4071873], [18.7682354, 44.4073441], [18.7723605, 44.4074459], [18.7778746, 44.4076113], [18.7819879, 44.4077173], [18.7864098, 44.4078233], [18.7916152, 44.4079759], [18.795752, 44.4080816], [18.8040618, 44.4082939], [18.8101932, 44.4084423], [18.8144845, 44.4070643], [18.8190014, 44.4056777], [18.8505746, 44.3957179], [18.8622472, 44.3920194], [18.8677536, 44.3913764], [18.8721068, 44.3908195], [18.8764219, 44.3903078], [18.8809652, 44.3897464], [18.885857, 44.3891577], [18.8901278, 44.388637], [18.8932961, 44.3882521], [18.8968382, 44.3879396], [18.8994108, 44.3863276], [18.9026868, 44.3845208], [18.905855, 44.382818], [18.9083719, 44.3814657], [18.9132121, 44.3827306], [18.9172602, 44.3838384], [18.9210621, 44.384889], [18.924845, 44.3859305], [18.9293503, 44.3871532], [18.9337732, 44.3883894], [18.9377525, 44.389449], [18.9430308, 44.3909025], [18.949399, 44.3908843], [18.9533847, 44.3909658], [18.9588974, 44.3910247], [18.9639286, 44.3910156], [18.9684529, 44.391079], [18.9727934, 44.3910609], [18.9782175, 44.3911107], [18.9862395, 44.3911522], [18.9895978, 44.3911696], [18.9955478, 44.391233], [19.0020301, 44.3912104], [19.0102865, 44.3912873], [19.0127322, 44.3913138], [19.0266914, 44.3913554], [19.029702, 44.3913878], [19.0389173, 44.3923575], [19.0435142, 44.3928571], [19.0481889, 44.3933799], [19.0540872, 44.3941248], [19.0581474, 44.3962501], [19.0615702, 44.3980819], [19.0648102, 44.3998403], [19.06569205640585, 44.40051592220756], [19.069671123159033, 44.40383966176981]]}, "properties": {"kind": "line", "bus0": "BA4-220", "bus1": "BA5-220", "cross_border": false, "voltage": 220.0}}, {"type": "Feature", "geometry": {"type": "LineString", "coordinates": [[17.160075300000006, 44.85934929053172], [17.166343405560173, 44.859872381884294], [17.1665617, 44.8599191], [17.1735206, 44.8663481], [17.1784752, 44.8712579], [17.1815156, 44.8749407], [17.1839341, 44.8759646], [17.1895078, 44.8798458], [17.1960143, 44.8829942], [17.1997487, 44.8848005], [17.2028518, 44.8863016], [17.2053355, 44.8874722], [17.2105604, 44.8899845], [17.214058, 44.8917042], [17.216126, 44.8926904], [17.2203556, 44.8931375], [17.2232107, 44.8933671], [17.2280136, 44.8938397], [17.2314565, 44.8943227], [17.2361695, 44.8947117], [17.2400243, 44.8952873], [17.2448992, 44.8956326], [17.2516639, 44.8966483], [17.2552252, 44.8971216], [17.2604883, 44.897825], [17.265792, 44.8981959], [17.2708429, 44.898554], [17.2746414, 44.8977404], [17.2780891, 44.897021], [17.2823546, 44.8961193], [17.2856768, 44.8953967], [17.2894368, 44.8946101], [17.2931019, 44.893849], [17.298552, 44.8926874], [17.3020419, 44.8919497], [17.3063772, 44.8912511], [17.3108679, 44.8905413], [17.3148602, 44.8898922], [17.319074, 44.8892181], [17.324316, 44.8883646], [17.3265532, 44.888], [17.3303697, 44.8874047], [17.3346981, 44.8866955], [17.340242, 44.8858111], [17.3448775, 44.8862676], [17.3477054, 44.8865782], [17.3515489, 44.8869967], [17.3556583, 44.8874458], [17.361163, 44.8879952], [17.3649464, 44.888453], [17.3692205, 44.8888462], [17.3733113, 44.889261], [17.3776434, 44.8897221], [17.381462, 44.889302], [17.3851866, 44.8888408], [17.391501, 44.888088], [17.4013512, 44.8869453], [17.4181098, 44.8849791], [17.4195546, 44.8848035], [17.4240169, 44.8842808], [17.427105, 44.884824], [17.4301715, 44.8854594], [17.4350459, 44.8864739], [17.4448672, 44.8885389], [17.4486714, 44.8892818], [17.4522151, 44.8900043], [17.4607853, 44.8918078], [17.4641048, 44.8925456], [17.4724218, 44.8941902], [17.4769492, 44.8951534], [17.4812306, 44.8960397], [17.4866454, 44.8971425], [17.4905205, 44.8979439], [17.4915966, 44.8981665], [17.5054533, 44.8984208], [17.50983, 44.8981414], [17.5191417, 44.8975469], [17.5231508, 44.8971295], [17.5312034, 44.8962912], [17.542207, 44.8952216], [17.5451445, 44.894897], [17.5489103, 44.8945016], [17.5592383, 44.893586], [17.5617325, 44.8932949], [17.564978, 44.892916], [17.5689882, 44.8925247], [17.5722722, 44.8897653], [17.5778325, 44.8850535], [17.5823771, 44.8812214], [17.5864014, 44.8779994], [17.5902342, 44.8747029], [17.5935174, 44.8723219], [17.5968476, 44.8699711], [17.6013619, 44.8668111], [17.6031844, 44.8655354], [17.6065306, 44.863201], [17.610316, 44.8605601], [17.6146021, 44.8575613], [17.6188246, 44.8545959], [17.6217235, 44.8525734], [17.6247266, 44.8508792], [17.628375, 44.8488407], [17.631383, 44.8471169], [17.6348144, 44.8451783], [17.6380032, 44.8433817], [17.6416519, 44.8413244], [17.6444657, 44.8397337], [17.6474805, 44.8380329], [17.6501183, 44.836548], [17.6536742, 44.8345304], [17.6564552, 44.8329453], [17.6576001, 44.8322968], [17.6605909, 44.8306026], [17.6640757, 44.8286285], [17.6698708, 44.8253456], [17.6735542, 44.8232589], [17.6757448, 44.8220021], [17.694683, 44.8001923], [17.6975657, 44.7968532], [17.6992542, 44.794912], [17.7011695, 44.7926753], [17.7034415, 44.7900648], [17.7081699, 44.7846318], [17.7106817, 44.7817086], [17.7124816, 44.7796137], [17.7150443, 44.7766785], [17.7180699, 44.7731546], [17.7198911, 44.77108], [17.7224732, 44.7680698], [17.7247306, 44.7654635], [17.7272314, 44.762573], [17.7311718, 44.7604539], [17.7342841, 44.758794], [17.7379236, 44.7568441], [17.7420274, 44.7546453], [17.7467995, 44.752106], [17.7519176, 44.7513361], [17.7548893, 44.7508864], [17.7590353, 44.7502605], [17.7637793, 44.7495493], [17.7676114, 44.7489718], [17.7719343, 44.7483219], [17.7762768, 44.7476713], [17.7824796, 44.746735], [17.7879959, 44.7459082], [17.7950632, 44.7448384], [17.7990055, 44.7442131], [17.8022644, 44.7435593], [17.8071508, 44.7425756], [17.8130485, 44.7413767], [17.8173394, 44.7404736], [17.8238548, 44.7391511], [17.828837, 44.7381458], [17.8330539, 44.7372907], [17.8364915, 44.7365969], [17.8414108, 44.7355862], [17.8454553, 44.7347668], [17.8489269, 44.7340459], [17.8518665, 44.7334475], [17.8573465, 44.7323188], [17.8615893, 44.731445], [17.8665641, 44.7291364], [17.8688486, 44.7280057], [17.8734735, 44.7258092], [17.877927, 44.7237085], [17.8815516, 44.7219846], [17.8851405, 44.7202874], [17.8886455, 44.7186355], [17.8931208, 44.7164955], [17.8960145, 44.7142314], [17.8997818, 44.7113071], [17.9029947, 44.7088008], [17.9050833, 44.7071789], [17.9078049, 44.7050654], [17.9110097, 44.7025561], [17.9139759, 44.7002335], [17.9162415, 44.6962241], [17.9178438, 44.6939602], [17.919665, 44.6909571], [17.9215863, 44.6878477], [17.9230408, 44.6854938], [17.9247727, 44.6852945], [17.9287098, 44.6848737], [17.9318027, 44.6844994], [17.9362971, 44.6840297], [17.9409633, 44.6835448], [17.9458129, 44.6830639], [17.9514689, 44.6823836], [17.9549419, 44.6820169], [17.958864, 44.6814944], [17.9619746, 44.6810942], [17.9662022, 44.6805759], [17.9705772, 44.6799684], [17.975452, 44.6805038], [17.9807433, 44.6812534], [17.9853482, 44.6816014], [17.9894765, 44.6819108], [17.9940207, 44.6822395], [17.9989261, 44.6825966], [18.0029495, 44.6828413], [18.0068566, 44.6830826], [18.0088905, 44.6818866], [18.0118828, 44.6802326], [18.0139275, 44.6790757], [18.015279, 44.6781891], [18.017607, 44.6768473], [18.0179601, 44.6766268], [18.0203261, 44.6752481], [18.0227434, 44.6738461], [18.0264097, 44.6716758], [18.0295121, 44.6698771], [18.0337441, 44.6675571], [18.0371496, 44.6657543], [18.0418338, 44.663293], [18.0445049, 44.6612169], [18.0478698, 44.6586633], [18.0502211, 44.6568658], [18.0533832, 44.6544755], [18.0562345, 44.652476], [18.0608795, 44.6488981], [18.0627038, 44.64744], [18.0657353, 44.6451711], [18.0686677, 44.6430399], [18.0690633, 44.6420738], [18.0728824, 44.6314913], [18.0736542, 44.6293524], [18.0754845, 44.6278132], [18.076662, 44.6268656], [18.0787813, 44.6246651], [18.0800925, 44.6235208], [18.0826071, 44.6212884], [18.0856929, 44.6186133], [18.0913856, 44.6136098], [18.1032979, 44.6123872], [18.1077981, 44.6119385], [18.1148785, 44.6090972], [18.1237155, 44.6056887], [18.1347195, 44.6013646], [18.1382286, 44.5999753], [18.1480375, 44.5960711], [18.1561168, 44.5928714], [18.1606077, 44.5896243], [18.1660075, 44.5857625], [18.1705906, 44.5823422], [18.1898647, 44.5679872], [18.1989315, 44.5617332], [18.2060221, 44.5603937], [18.2172807, 44.5580923], [18.2242898, 44.5569268], [18.2311954, 44.5554026], [18.2364373, 44.5537776], [18.2433528, 44.5517102], [18.2493998, 44.5499432], [18.2552914, 44.548192], [18.2869771, 44.5389658], [18.3027422, 44.5342175], [18.3121277, 44.5314304], [18.3356617, 44.5276956], [18.3486204, 44.5256812], [18.3548593, 44.5247109], [18.3604955, 44.5237972], [18.366319, 44.5228781], [18.3703288, 44.5210398], [18.3873573, 44.5131251], [18.4066089, 44.5041189], [18.4158878, 44.4999745], [18.4202668, 44.4979394], [18.4229771, 44.4966434], [18.4235823, 44.496354], [18.4292743, 44.4957576], [18.4323258, 44.4954646], [18.4396588, 44.4947228], [18.4448561, 44.494221], [18.4487192, 44.4938219], [18.4523444, 44.4934583], [18.4560702, 44.493064], [18.4595375, 44.4927567], [18.4641606, 44.4922447], [18.4681807, 44.4918657], [18.472531, 44.491456], [18.4856967, 44.4869699], [18.4884749, 44.4858073], [18.4923155, 44.4843119], [18.4959674, 44.4828341], [18.4961952, 44.4827419], [18.4999395, 44.4812559], [18.5072714, 44.4783214], [18.5109612, 44.4768205], [18.5135966, 44.4751708], [18.5170782, 44.4730193], [18.5236755, 44.4689877], [18.5263029, 44.4673586], [18.5304817, 44.4647994], [18.5348114, 44.464279], [18.539237, 44.4637228], [18.5442071, 44.4631232], [18.5486955, 44.462641], [18.5532309, 44.462054], [18.5579308, 44.4615173], [18.5622371, 44.4610393], [18.5659735, 44.4606032], [18.5689168, 44.4602636], [18.5727651, 44.4597801], [18.5771682, 44.461485], [18.5814912, 44.4631541], [18.5848654, 44.4644225], [18.5894128, 44.4661961], [18.5926819, 44.4674274], [18.5965395, 44.4689403], [18.5985347, 44.46973], [18.6002876, 44.4726891], [18.60244712759078, 44.4763398725479], [18.606076809486325, 44.480645485154994]]}, "properties": {"kind": "line", "bus0": "BA4-400", "bus1": "BA2-400", "cross_border": false, "voltage": 400.0}}, {"type": "Feature", "geometry": {"type": "LineString", "coordinates": [[18.315516969695054, 43.88274824216157], [18.312926478516378, 43.8879688623145], [18.3124452, 43.8885331], [18.3116749, 43.8939538], [18.3059639, 43.8999139], [18.3027667, 43.9031839], [18.2971663, 43.90902], [18.2918341, 43.9343365], [18.2914532, 43.9358238], [18.294586, 43.9404437], [18.2943502, 43.9430006], [18.2940496, 43.9462221], [18.2936829, 43.9499111], [18.2931572, 43.9527651], [18.2927353, 43.9556454], [18.2921506, 43.9592985], [18.2916034, 43.9625035], [18.291197, 43.9684995], [18.2919821, 43.9731745], [18.2926905, 43.9780392], [18.2931328, 43.9804078], [18.2935185, 43.9827138], [18.2939476, 43.9851108], [18.2943714, 43.9878782], [18.2949132, 43.9910044], [18.2936293, 43.9947408], [18.2926368, 43.9974808], [18.2916409, 44.0003512], [18.2906324, 44.0031912], [18.2893324, 44.006923], [18.2887173, 44.0086278], [18.2866502, 44.0144039], [18.2848584, 44.0195733], [18.2830471, 44.0247108], [18.2769424, 44.031503], [18.2732678, 44.035028], [18.2706052, 44.036899], [18.2659078, 44.0402225], [18.2624156, 44.0427175], [18.2575179, 44.0461762], [18.2529528, 44.0494343], [18.2502813, 44.0513274], [18.2428784, 44.056563], [18.2422198, 44.057839], [18.239826, 44.0624765], [18.2372108, 44.067977], [18.2341987, 44.0738451], [18.2328359, 44.0764386], [18.2314092, 44.0791846], [18.2303712, 44.0812135], [18.2288665, 44.0841094], [18.2265517, 44.0883036], [18.22568, 44.0900259], [18.2244396, 44.0923028], [18.2224319, 44.0961076], [18.2197309, 44.1013295], [18.2152596, 44.1102102], [18.210952, 44.1185715], [18.2125157, 44.1211922], [18.2142914, 44.1242128], [18.2175436, 44.126932], [18.2212295, 44.1330571], [18.2231755, 44.1364291], [18.2255906, 44.1404914], [18.2266461, 44.1422198], [18.2308741, 44.1495179], [18.2342785, 44.1550899], [18.235341, 44.1571928], [18.2483435, 44.1788539], [18.261382, 44.1867278], [18.2650941, 44.1890512], [18.2712048, 44.1927279], [18.2750677, 44.1934507], [18.2775293, 44.1938623], [18.2848749, 44.1952607], [18.3034588, 44.1986792], [18.3046572, 44.2006273], [18.3058182, 44.2025211], [18.3194817, 44.2244853], [18.3202375, 44.2256675], [18.3247072, 44.2328068], [18.3528665, 44.2374766], [18.3574987, 44.2382743], [18.3646516, 44.2394566], [18.3684935, 44.2400819], [18.3747072, 44.2411209], [18.3768616, 44.2414545], [18.3868356, 44.2431215], [18.3897976, 44.2471967], [18.4024736, 44.2648005], [18.405582, 44.2687623], [18.4076553, 44.2716925], [18.4076133, 44.2814569], [18.4076469, 44.2842524], [18.407656, 44.2886044], [18.4075949, 44.2979735], [18.4088234, 44.3048143], [18.412588, 44.3221261], [18.4154525, 44.3350636], [18.4167323, 44.3408314], [18.4205726, 44.3437399], [18.4276802, 44.3489714], [18.4343409, 44.3538377], [18.4364499, 44.3553907], [18.4399439, 44.3580195], [18.4426698, 44.359973], [18.4525853, 44.3673362], [18.4555693, 44.3695999], [18.4584653, 44.3716115], [18.4607379, 44.3717105], [18.4664669, 44.371769], [18.474884, 44.3718905], [18.4812109, 44.3719805], [18.4859263, 44.372057], [18.4886397, 44.372075], [18.4960621, 44.3722235], [18.4985362, 44.372237], [18.5058453, 44.3723315], [18.5087853, 44.3723495], [18.5187637, 44.372534], [18.5243856, 44.372579], [18.5314365, 44.3745995], [18.5368822, 44.3761205], [18.5449152, 44.3783929], [18.5481259, 44.3792973], [18.5518741, 44.3803394], [18.5556994, 44.381403], [18.5617028, 44.3831369], [18.5659429, 44.3843637], [18.5692306, 44.3852567], [18.5716569, 44.385946], [18.580228, 44.3883388], [18.5813805, 44.3898169], [18.586269, 44.3961583], [18.5876745, 44.3979118], [18.5902125, 44.4011781], [18.592019, 44.4034886], [18.593965, 44.405957], [18.5956741, 44.408157], [18.5979333, 44.4110559], [18.5998856, 44.4134647], [18.6019673, 44.416329], [18.6033296, 44.4179769], [18.603666, 44.4229348], [18.6038189, 44.4251883], [18.6039436, 44.4272368], [18.6040635, 44.4293366], [18.6043225, 44.4332209], [18.604452, 44.4358137], [18.6047091, 44.4395849], [18.604962, 44.4433238], [18.6051554, 44.4469526], [18.6076125, 44.4495354], [18.6100482, 44.4522604], [18.6096393, 44.4549753], [18.6091915, 44.4580442], [18.6088619, 44.4601878], [18.6082815, 44.4641294], [18.6077884, 44.467077], [18.6073901, 44.4699176], [18.6068804, 44.4732173], [18.606573014102743, 44.47529332160862], [18.606076809486325, 44.480645485154994]]}, "properties": {"kind": "line", "bus0": "BA4-400", "bus1": "way/175002028-400", "cross_border": false, "voltage": 400.0}}, {"type": "Feature", "geometry": {"type": "LineString", "coordinates": [[16.678952700000007, 44.93118399058617], [16.68506464027191, 44.93230620789572], [16.6856424, 44.9324215], [16.6895613, 44.9330964], [16.6933764, 44.9337592], [16.6971214, 44.9344397], [16.7007744, 44.9351116], [16.7042449, 44.9361228], [16.7083542, 44.9372661], [16.712085237552067, 44.938283262209666], [16.71876991179986, 44.94099405009348]]}, "properties": {"kind": "line", "bus0": "way/79818891-220", "bus1": "BA1-220", "cross_border": false, "voltage": 220.0}}, {"type": "Feature", "geometry": {"type": "LineString", "coordinates": [[17.769858195754946, 43.3031963063133], [17.773240551256112, 43.29739859853501], [17.7741586, 43.2966673], [17.7763371, 43.2950787], [17.7786231, 43.2933613], [17.7807032, 43.2917985], [17.7821339, 43.2888777], [17.7849948, 43.2837232], [17.7863772, 43.2809739], [17.7878111, 43.2785018], [17.789989, 43.2743346], [17.7912229, 43.2720731], [17.7925908, 43.2694756], [17.7940016, 43.2668429], [17.7954876, 43.2640499], [17.7967643, 43.2616592], [17.7978586, 43.2595887], [17.8005307, 43.2581664], [17.804591, 43.2557287], [17.8069621, 43.2542832], [17.8095692, 43.2527243], [17.8131687, 43.2507589], [17.8168433, 43.2484693], [17.8194236, 43.2467148], [17.8226315, 43.245144], [17.8258931, 43.2439053], [17.8284412, 43.2431237], [17.8304044, 43.2424905], [17.8355658, 43.240594], [17.841051, 43.235912], [17.8428806, 43.2326824], [17.848776, 43.2315951], [17.8530181, 43.2300563], [17.8550347, 43.2301094], [17.8747666, 43.2306292], [17.8814883, 43.2308326], [17.8863708, 43.2309354], [17.890564, 43.2310378], [17.8930385, 43.2311348], [17.8962781, 43.2311832], [17.9059013, 43.2314341], [17.9091416, 43.2314689], [17.9118157, 43.2315741], [17.9198436, 43.2316631], [17.9232395, 43.2316824], [17.9288538, 43.2317212], [17.9341855, 43.2317794], [17.9366201, 43.2317915], [17.9424673, 43.2320362], [17.9516156, 43.2325609], [17.959944, 43.23307], [17.9646004, 43.2333171], [17.9779733, 43.2340913], [18.0042095, 43.2355638], [18.0182531, 43.2363455], [18.0225385, 43.2366046], [18.0275783, 43.2368293], [18.0319209, 43.237063], [18.0350916, 43.2372157], [18.0378181, 43.2373865], [18.0438593, 43.2376971], [18.0492445, 43.2379937], [18.0523711, 43.2382205], [18.0585874, 43.2385433], [18.0636285, 43.2388558], [18.0671028, 43.2390359], [18.0709361, 43.2392771], [18.0752124, 43.2394742], [18.0806406, 43.2397697], [18.0851641, 43.2399871], [18.0896597, 43.2402148], [18.09305, 43.2403642], [18.0956335, 43.2404254], [18.1009824, 43.2405918], [18.1055051, 43.2406546], [18.1103015, 43.2407676], [18.112813, 43.2408412], [18.1162579, 43.2408342], [18.1205389, 43.2410755], [18.1246044, 43.241114], [18.1290067, 43.2412051], [18.1332598, 43.2412682], [18.1365748, 43.2413874], [18.1404959, 43.2414435], [18.1437676, 43.241489], [18.1473038, 43.2415381], [18.1506091, 43.2416082], [18.1547179, 43.2417098], [18.1579511, 43.2417799], [18.1617616, 43.241794], [18.1666787, 43.2419061], [18.170826, 43.2422075], [18.1769699, 43.2428174], [18.1823152, 43.2432414], [18.1871409, 43.2436235], [18.1904847, 43.2439038], [18.1942759, 43.2441877], [18.1987456, 43.2445207], [18.2030805, 43.2448606], [18.2079447, 43.2452391], [18.2115675, 43.245537], [18.2150656, 43.2449588], [18.2176858, 43.2445154], [18.2225319, 43.2437131], [18.2259984, 43.2431473], [18.2286707, 43.2427208], [18.232751, 43.2420451], [18.2359861, 43.2414868], [18.239511, 43.2409336], [18.2430443, 43.2403006], [18.2465489, 43.2397422], [18.2493895, 43.2392734], [18.2544189, 43.2384283], [18.2569849, 43.2380491], [18.2599997, 43.2375369], [18.2624545, 43.237129], [18.2657867, 43.2365516], [18.2742386, 43.2351398], [18.2785446, 43.2344813], [18.2815286, 43.2340393], [18.2856235, 43.2355295], [18.2879763, 43.2364074], [18.2920384, 43.2379214], [18.2986869, 43.2404208], [18.3017611, 43.2415614], [18.3074997, 43.2437113], [18.3093565, 43.2443981], [18.3130128, 43.2456939], [18.3140198, 43.2461561], [18.315798, 43.2468056], [18.3199034, 43.2483583], [18.3231237, 43.2496147], [18.3247146, 43.2502246], [18.3270497, 43.2511081], [18.3289852, 43.2518922], [18.3304757, 43.2525021], [18.3356582, 43.2545177], [18.33938, 43.255924], [18.344589, 43.2580181], [18.3465537, 43.2588881], [18.3494782, 43.2601468], [18.3524012, 43.2611219], [18.3541047, 43.261765], [18.3564898, 43.2615531], [18.360851, 43.2608177], [18.3636999, 43.2603964], [18.368199, 43.2597541], [18.3707541, 43.2593986], [18.3781803, 43.2560916], [18.3816685, 43.2545165], [18.3851854, 43.2529447], [18.3875885, 43.2518959], [18.3890659, 43.251251], [18.3926546, 43.2495502], [18.3955686, 43.2482433], [18.4004109, 43.2460858], [18.4043441, 43.2427049], [18.4057892, 43.2414884], [18.4078658, 43.2397456], [18.4095884, 43.2382257], [18.4121914, 43.2359913], [18.4151327, 43.2334775], [18.4181012, 43.2309017], [18.4201718, 43.2291865], [18.4223975, 43.227204], [18.4244233, 43.2255039], [18.426106, 43.22408], [18.4285584, 43.2219559], [18.4303366, 43.2205666], [18.4348834, 43.2165987], [18.4374914, 43.2145541], [18.4391709, 43.212858], [18.4407998, 43.211512], [18.4433985, 43.2105922], [18.4509288, 43.2080197], [18.4556368, 43.2064605], [18.4604984, 43.2047097], [18.4698917, 43.2014846], [18.4724685, 43.2006047], [18.4747599, 43.1998161], [18.4779583, 43.1987614], [18.4839037, 43.1966957], [18.485389, 43.1958127], [18.4984225, 43.1879628], [18.5056993, 43.1835173], [18.5096703, 43.1811677], [18.51294781574104, 43.17920360831021], [18.514304000188424, 43.17470173930364]]}, "properties": {"kind": "line", "bus0": "way/89827347-400", "bus1": "BA24-400", "cross_border": false, "voltage": 400.0}}, {"type": "Feature", "geometry": {"type": "LineString", "coordinates": [[17.800559444681674, 43.281217870934235], [17.79668882425329, 43.28560187540404], [17.794566, 43.2879436], [17.7919856, 43.2905578], [17.7904619, 43.2922568], [17.787536, 43.295296], [17.7848964, 43.2980966], [17.7816002, 43.3015005], [17.7788662, 43.3061533], [17.7766882, 43.3095611], [17.7740893, 43.3138954], [17.7731048, 43.3154316], [17.7720621, 43.317088], [17.7701061, 43.3203337], [17.7664958, 43.3260666], [17.7647231, 43.3290105], [17.7626953, 43.3323312], [17.7609465, 43.3351562], [17.7600721, 43.3365803], [17.7589456, 43.338262], [17.7607534, 43.3402947], [17.7620891, 43.3418006], [17.7634918, 43.3433713], [17.7707122, 43.3516181], [17.7715571, 43.3525831], [17.7729045, 43.3541037], [17.7773772, 43.3591512], [17.7786132, 43.360527], [17.7826292, 43.3651419], [17.7859012, 43.3662536], [17.7943594, 43.3694464], [17.799503, 43.3714789], [17.8112702, 43.375554], [17.8148266, 43.376991], [17.8205614, 43.3790183], [17.822626, 43.3797835], [17.8320674, 43.383234], [17.8496658, 43.4098663], [17.854959, 43.4165831], [17.8651363, 43.4221113], [17.8682262, 43.4238665], [17.8714234, 43.4256256], [17.8763061, 43.4282887], [17.8795999, 43.4300028], [17.8863761, 43.4336891], [17.8895197, 43.4354225], [17.8897202, 43.4385091], [17.8864954, 43.4407773], [17.8837127, 43.4426931], [17.8829076, 43.4432665], [17.88093, 43.4446751], [17.8781473, 43.4466361], [17.8752637, 43.4486145], [17.8724233, 43.4506102], [17.8693218, 43.4529812], [17.8658485, 43.4521612], [17.8618574, 43.4513979], [17.855733216677635, 43.450196737455734], [17.849607700993605, 43.44910408973016]]}, "properties": {"kind": "line", "bus0": "BA23-220", "bus1": "BA21-220", "cross_border": false, "voltage": 220.0}}, {"type": "Feature", "geometry": {"type": "LineString", "coordinates": [[18.383769249933973, 43.8251178397691], [18.387400098493277, 43.821436219070534], [18.3883637, 43.8204261], [18.3917916, 43.8169639], [18.3948364, 43.8138055], [18.3966625, 43.8114962], [18.3990443, 43.8083644], [18.4003156, 43.8067578], [18.4018284, 43.8046905], [18.4020376, 43.8023249], [18.4027135, 43.7996069], [18.4039688, 43.7926643], [18.4044141, 43.790248], [18.4049505, 43.7866077], [18.4053904, 43.7844467], [18.4060395, 43.7804266], [18.4064257, 43.7780911], [18.4067583, 43.7761234], [18.4069729, 43.7747677], [18.4073591, 43.772401], [18.4058142, 43.7711227], [18.4045106, 43.7696623], [18.4015422, 43.7668845], [18.3984834, 43.761455], [18.3975632, 43.759787], [18.3958876, 43.7568617], [18.400533, 43.7501961], [18.4118396, 43.7446192], [18.420694, 43.7406654], [18.4272415, 43.7378353], [18.4303143, 43.7324349], [18.4330104, 43.7276916], [18.4353082, 43.72377], [18.4377593, 43.7191927], [18.4403788, 43.7145483], [18.4417575, 43.7120926], [18.4445762, 43.7070143], [18.4484059, 43.7003907], [18.4530169, 43.6921547], [18.4555905, 43.687586], [18.4548705, 43.6794149], [18.4541965, 43.6714761], [18.453645, 43.6658049], [18.4531548, 43.6601443], [18.4526033, 43.6545833], [18.4521897, 43.6502676], [18.4578271, 43.6437601], [18.4639853, 43.6367734], [18.4720124, 43.6276829], [18.4771603, 43.6215435], [18.478952, 43.6194931], [18.4848689, 43.6127082], [18.4866982, 43.6104982], [18.4896701, 43.6070646], [18.4913438, 43.6050758], [18.4943425, 43.6015641], [18.496481, 43.5991964], [18.5024696, 43.59759], [18.5061549, 43.5966032], [18.511058, 43.5953212], [18.5143679, 43.5944431], [18.5190545, 43.5932018], [18.52289, 43.5922028], [18.5263715, 43.5913092], [18.5307006, 43.5900853], [18.5367141, 43.5885505], [18.5414456, 43.5873305], [18.5437523, 43.5867243], [18.5484408, 43.5854265], [18.5508333, 43.5848203], [18.5577158, 43.5830057], [18.5608487, 43.5822207], [18.5631339, 43.5816262], [18.565918, 43.5808878], [18.5693674, 43.5800212], [18.572291, 43.5792213], [18.5730956, 43.5758675], [18.5743752, 43.5707508], [18.5751879, 43.5673985], [18.5756705, 43.5654434], [18.5764664, 43.5621491], [18.5773837, 43.5584717], [18.5784029, 43.554312], [18.5787338, 43.5528637], [18.5799086, 43.5481515], [18.58155, 43.5415648], [18.5833865, 43.5407502], [18.5874483, 43.5389846], [18.5936432, 43.5361459], [18.6001395, 43.5321908], [18.6036532, 43.5299856], [18.6086046, 43.5270063], [18.6110883, 43.5242914], [18.6137383, 43.5214091], [18.6161845, 43.5188146], [18.6208569, 43.5136523], [18.6232387, 43.511108], [18.6257117, 43.5084507], [18.6281793, 43.5071629], [18.6324011, 43.504879], [18.6407226, 43.5004961], [18.6472849, 43.5008704], [18.6527029, 43.5011739], [18.6737432, 43.5021959], [18.6824593, 43.5026953], [18.689241, 43.5030169], [18.6930541, 43.5016447], [18.6983327, 43.4998237], [18.7071303, 43.4967067], [18.7130963, 43.4945728], [18.7249402, 43.490414], [18.7318174, 43.4879932], [18.7328312, 43.4838325], [18.7354491, 43.4726724], [18.7360982, 43.4700018], [18.7382394, 43.4613572], [18.7388938, 43.4583823], [18.741399, 43.4483742], [18.7461511, 43.4412129], [18.7484479, 43.4379554], [18.7530474, 43.431218], [18.7572008, 43.4307515], [18.7697643, 43.4282504], [18.7712771, 43.4264369], [18.7793623, 43.4168603], [18.7822956, 43.4136549], [18.7860936, 43.4096157], [18.7889904, 43.4047949], [18.7901464, 43.402704], [18.7907687, 43.4016964], [18.7941483, 43.3958927], [18.7965435, 43.3918017], [18.7976271, 43.389989], [18.8022512, 43.3810087], [18.803544, 43.3782482], [18.8045472, 43.3761212], [18.8052606, 43.3748111], [18.8077444, 43.3729667], [18.8112312, 43.3703911], [18.8148227, 43.367714], [18.8173118, 43.3659688], [18.8190096, 43.3646604], [18.823792, 43.361129], [18.8266539, 43.3588844], [18.8377476, 43.3544418], [18.8501867, 43.3522977], [18.8527026, 43.3517828], [18.8545704, 43.349207], [18.854557, 43.3472955], [18.8566893, 43.3431934], [18.8574106, 43.3419511], [18.8577086, 43.3414378], [18.8592231, 43.3402277], [18.8623747, 43.3373054], [18.8653207, 43.3345885], [18.8670042, 43.3330583], [18.8687986, 43.3314779], [18.8727745, 43.327793], [18.873091, 43.3253443], [18.8733771, 43.3225591], [18.874171, 43.3161878], [18.8744634, 43.3136937], [18.8748264, 43.3111963], [18.8754665, 43.3053832], [18.8757401, 43.3027208], [18.8760173, 43.3006524], [18.8762587, 43.2983763], [18.8766897, 43.2949973], [18.874652, 43.2926743], [18.8726829, 43.2903955], [18.8708496, 43.2882608], [18.8689407, 43.2860288], [18.8679382, 43.2848397], [18.8673344, 43.2841236], [18.865118, 43.2815245], [18.8638777, 43.2800627], [18.8628106, 43.278859], [18.862327074271793, 43.27829123345924], [18.858469699999997, 43.27480578926871]]}, "properties": {"kind": "line", "bus0": "BA13-400", "bus1": "ME2-400", "cross_border": true, "voltage": 400.0}}, {"type": "Feature", "geometry": {"type": "LineString", "coordinates": [[18.333137433557468, 42.67719632995537], [18.34026569937169, 42.67543940987493], [18.3404408, 42.6754531], [18.3445807, 42.6758317], [18.3475699, 42.679164], [18.3502363, 42.6820904], [18.351969, 42.6839477], [18.3541523, 42.6866174], [18.3574568, 42.6902687], [18.3586584, 42.691629], [18.3606003, 42.6937976], [18.36457, 42.6982015], [18.3681534, 42.7023134], [18.3697466, 42.7041426], [18.3707122, 42.7051715], [18.3713184, 42.7062398], [18.3727775, 42.7085103], [18.3758245, 42.7115533], [18.3769618, 42.7125348], [18.3804295, 42.7156096], [18.3840934, 42.7154323], [18.3871297, 42.7153337], [18.3910564, 42.7151958], [18.3954767, 42.7149672], [18.4151768, 42.7141321], [18.4255711, 42.7151524], [18.4282855, 42.7157791], [18.4325073, 42.7169261], [18.436552, 42.7179981], [18.4416643, 42.7192593], [18.4500489, 42.7214505], [18.4534017, 42.722353], [18.4566632, 42.7231648], [18.4624461, 42.7245796], [18.4649566, 42.7252968], [18.4698812, 42.725021], [18.4767852, 42.7247018], [18.4814469, 42.7244535], [18.4855024, 42.7242565], [18.4881738, 42.7247845], [18.4939389, 42.72599], [18.494762787096025, 42.726122179183214], [18.500104862579253, 42.72787601304837]]}, "properties": {"kind": "line", "bus0": "way/245190169-220", "bus1": "BA26-220", "cross_border": false, "voltage": 220.0}}, {"type": "Feature", "geometry": {"type": "LineString", "coordinates": [[18.333137433557468, 42.67719632995537], [18.341338035206217, 42.67766008668286], [18.3440082, 42.6785174], [18.3496193, 42.6823625], [18.3515613, 42.6844407], [18.3552198, 42.6886757], [18.3571832, 42.6910455], [18.3584438, 42.6924215], [18.3605252, 42.6946611], [18.363658, 42.6981108], [18.3643608, 42.6990018], [18.3668767, 42.7018679], [18.3692424, 42.7045013], [18.3703475, 42.7057549], [18.3707873, 42.7066616], [18.3717368, 42.7086443], [18.3743493, 42.7122077], [18.3760927, 42.7133822], [18.3802578, 42.7160668], [18.3844743, 42.715921], [18.3873389, 42.715791], [18.3920036, 42.7156446], [18.3974937, 42.7153259], [18.4155051, 42.7145233], [18.4251312, 42.7156451], [18.4293078, 42.7168152], [18.4331564, 42.7178326], [18.4353749, 42.71851], [18.4401623, 42.719811], [18.4433651, 42.7206862], [18.4490632, 42.7222988], [18.4508858, 42.7228456], [18.4568374, 42.7244842], [18.460295, 42.7253993], [18.4642276, 42.726562], [18.4685803, 42.7261323], [18.4743551, 42.7256673], [18.4769997, 42.725419], [18.4810123, 42.7250486], [18.4856717, 42.7246422], [18.4873155, 42.7253087], [18.488936, 42.7260589], [18.49221000048917, 42.72925689437996], [18.500104862579253, 42.72787601304837]]}, "properties": {"kind": "line", "bus0": "way/245190169-220", "bus1": "BA26-220", "cross_border": false, "voltage": 220.0}}, {"type": "Feature", "geometry": {"type": "LineString", "coordinates": [[18.09892890000001, 44.050013889901045], [18.09797170199285, 44.0544658011654], [18.0970514, 44.0587461], [18.0978721, 44.0615024], [18.0995458, 44.0671533], [18.1010532, 44.0722911], [18.101654, 44.0736208], [18.1025318, 44.0755431], [18.1034243, 44.0774978], [18.10412241475767, 44.079088949187785], [18.109364416888965, 44.0815467972944]]}, "properties": {"kind": "line", "bus0": "BA9-220", "bus1": "BA11-220", "cross_border": false, "voltage": 220.0}}, {"type": "Feature", "geometry": {"type": "LineString", "coordinates": [[18.0602515, 44.09301888993531], [18.066464839608297, 44.09268205298328], [18.0685985, 44.0925681], [18.0767256, 44.0921867], [18.0815643, 44.0918958], [18.0878836, 44.0915895], [18.099857, 44.0910462], [18.1031668, 44.0908536], [18.1054611, 44.0908157], [18.106740383839323, 44.09074016900313], [18.109364416888965, 44.0815467972944]]}, "properties": {"kind": "line", "bus0": "BA9-220", "bus1": "BA8-220", "cross_border": false, "voltage": 220.0}}, {"type": "Feature", "geometry": {"type": "LineString", "coordinates": [[18.604885316340617, 44.52231833808715], [18.602102086375076, 44.516786700690034], [18.6035843, 44.5161529], [18.6051491, 44.5154835], [18.6080644, 44.5121023], [18.6109308, 44.5088265], [18.6103093, 44.5057919], [18.609688, 44.5032226], [18.6090056, 44.5000892], [18.6087528, 44.4989284], [18.6082357, 44.4965539], [18.6072857, 44.4923129], [18.606977864956857, 44.48855611185521], [18.605783043969407, 44.480477614181076]]}, "properties": {"kind": "line", "bus0": "BA4-220", "bus1": "way/841600752-220", "cross_border": false, "voltage": 220.0}}, {"type": "Feature", "geometry": {"type": "LineString", "coordinates": [[18.604885316340617, 44.52231833808715], [18.599298875366593, 44.51804941270233], [18.5994009, 44.5168112], [18.6037193, 44.5145811], [18.6049906, 44.5088411], [18.6054412, 44.5066624], [18.6062834, 44.5027638], [18.6059809, 44.4990556], [18.6055056, 44.4930259], [18.60535, 44.491036], [18.605160148793118, 44.48868396879391], [18.605783043969407, 44.480477614181076]]}, "properties": {"kind": "line", "bus0": "BA4-220", "bus1": "way/841600752-220", "cross_border": false, "voltage": 220.0}}, {"type": "Feature", "geometry": {"type": "LineString", "coordinates": [[17.769573186391867, 43.303025789031004], [17.77049312239687, 43.296698913879986], [17.7710489, 43.2960615], [17.771859, 43.2945505], [17.7728514, 43.292606], [17.7740369, 43.2904038], [17.7751546, 43.2882343], [17.776129, 43.2863428], [17.7773543, 43.2839976], [17.7785372, 43.2818029], [17.7795188, 43.2794539], [17.7807071, 43.2776086], [17.7822842, 43.2745954], [17.7831833, 43.2727481], [17.7852807, 43.2687953], [17.7863268, 43.2667446], [17.7872817, 43.2646899], [17.7874265, 43.2621155], [17.7875445, 43.2590762], [17.7876037, 43.2561693], [17.7876625, 43.2532784], [17.7877859, 43.250473], [17.7878932, 43.2474058], [17.7879308, 43.244311], [17.7881239, 43.2411105], [17.7882043, 43.2380037], [17.7883063, 43.2353384], [17.7899156, 43.2334976], [17.7925066, 43.231047], [17.7948294, 43.2283891], [17.7971468, 43.2258484], [17.7997218, 43.2231513], [17.8020928, 43.2206143], [17.80345, 43.212037], [17.8045682, 43.2093227], [17.8058694, 43.2061643], [17.8072695, 43.2029579], [17.8085945, 43.1997396], [17.8072797, 43.1951838], [17.8059117, 43.1905594], [17.8052084, 43.1882662], [17.8044016, 43.1856352], [17.8047771, 43.1831983], [17.8050883, 43.1799614], [17.8055677, 43.1765571], [17.8059084, 43.1735566], [17.8063053, 43.1703152], [17.8066809, 43.1675452], [17.8071958, 43.1635621], [17.8075231, 43.1599074], [17.8083921, 43.1528321], [17.8087035, 43.1503589], [17.809068, 43.1473569], [17.8094274, 43.143983], [17.8098244, 43.1410278], [17.8102141, 43.1376342], [17.8104842, 43.1352814], [17.8108685, 43.1318109], [17.8112199, 43.1287944], [17.8116437, 43.1265941], [17.8128643, 43.1241308], [17.8128809, 43.1240972], [17.8129687, 43.12392], [17.8141773, 43.1215853], [17.8151021, 43.1197988], [17.817051, 43.1160339], [17.8181902, 43.1137745], [17.8197271, 43.1108707], [17.8209851, 43.1082625], [17.8224281, 43.1055817], [17.8237692, 43.1027774], [17.8251854, 43.1002315], [17.8265587, 43.0974857], [17.8296442, 43.0913171], [17.8305669, 43.0886845], [17.8310931, 43.0853834], [17.8318185, 43.082172], [17.8337968, 43.0738173], [17.8353573, 43.0665244], [17.8361888, 43.0623544], [17.8379647, 43.0560545], [17.838077, 43.0551699], [17.8386215, 43.0521457], [17.8391955, 43.050223], [17.839504, 43.048898], [17.8402174, 43.0452795], [17.838077, 43.0427626], [17.8346653, 43.03854], [17.8315271, 43.0346583], [17.8288556, 43.031239], [17.8255082, 43.0273607], [17.8214581, 43.0222194], [17.8200419, 43.0205133], [17.8136527, 43.0132568], [17.80995236928715, 43.012767167351704], [17.803684349659637, 43.01231168920064]]}, "properties": {"kind": "line", "bus0": "way/89827347-220", "bus1": "BA25-220", "cross_border": false, "voltage": 220.0}}, {"type": "Feature", "geometry": {"type": "LineString", "coordinates": [[17.769573186391867, 43.303025789031004], [17.76973551302774, 43.296633526973494], [17.7703697, 43.295716], [17.7711777, 43.2941756], [17.7721916, 43.2921023], [17.7727334, 43.2903062], [17.7734465, 43.2887167], [17.774951, 43.286243], [17.7759059, 43.2842241], [17.7770324, 43.2818986], [17.7781053, 43.279575], [17.7790709, 43.2775012], [17.7805274, 43.2744782], [17.7815251, 43.2724062], [17.7834699, 43.268301], [17.7843473, 43.2664399], [17.7852164, 43.2645571], [17.7852915, 43.2621116], [17.7853838, 43.2592362], [17.7854897, 43.2559357], [17.7855927, 43.2527293], [17.7856846, 43.2498692], [17.7857686, 43.2472539], [17.7858923, 43.2444399], [17.7859727, 43.2412844], [17.7860049, 43.2382226], [17.7862624, 43.2355689], [17.7880541, 43.233478], [17.7904896, 43.2307226], [17.7928177, 43.2281272], [17.7951942, 43.2255553], [17.7975921, 43.2229441], [17.7999739, 43.220282], [17.8014652, 43.2186479], [17.8022484, 43.2117985], [17.8033182, 43.208951], [17.8044371, 43.2059727], [17.8057914, 43.2024728], [17.8071029, 43.1993335], [17.8042111, 43.1916971], [17.8032402, 43.1892746], [17.8020013, 43.1858524], [17.8025831, 43.1809276], [17.8029284, 43.1776838], [17.8031216, 43.1754989], [17.8034059, 43.1724983], [17.8040228, 43.1695582], [17.8041864, 43.1663323], [17.8046405, 43.1629207], [17.8050769, 43.1596413], [17.8058279, 43.1532744], [17.8061659, 43.1499322], [17.8065628, 43.1466524], [17.8068901, 43.1439165], [17.8073139, 43.1407538], [17.8076302, 43.1376167], [17.8078557, 43.1353793], [17.8083982, 43.1312315], [17.808602, 43.1282541], [17.8090044, 43.1261282], [17.8098494, 43.1234168], [17.8099378, 43.123133], [17.8108578, 43.1201631], [17.8118368, 43.1172713], [17.8128587, 43.1141875], [17.8146477, 43.1115207], [17.8165065, 43.1088028], [17.8185128, 43.1058498], [17.8203823, 43.1030867], [17.8223993, 43.1001256], [17.8242796, 43.09737], [17.827198, 43.0902261], [17.8278201, 43.0879683], [17.8283994, 43.0851475], [17.8291721, 43.0821123], [17.8305508, 43.0761645], [17.831849, 43.069832], [17.8327502, 43.0659287], [17.8334905, 43.0635459], [17.8339625, 43.0611472], [17.8350113, 43.0570984], [17.8357839, 43.053794], [17.8371198, 43.0493514], [17.8378815, 43.0456174], [17.8347138, 43.0417753], [17.8330505, 43.0397805], [17.8323854, 43.0388811], [17.8280482, 43.0337579], [17.8256292, 43.030724], [17.8233198, 43.0278712], [17.8196314, 43.0231935], [17.8182447, 43.0215953], [17.817365, 43.0205016], [17.8134946, 43.0185562], [17.8109008, 43.017332], [17.808703859424252, 43.015148420608625], [17.803684349659637, 43.01231168920064]]}, "properties": {"kind": "line", "bus0": "BA25-220", "bus1": "way/89827347-220", "cross_border": false, "voltage": 220.0}}, {"type": "Feature", "geometry": {"type": "LineString", "coordinates": [[17.769573186391867, 43.303025789031004], [17.777107719997986, 43.301158152581976], [17.7795803, 43.3005952], [17.7818738, 43.2983375], [17.78423, 43.2959979], [17.7883275, 43.2919158], [17.7903908, 43.2896442], [17.7925107, 43.2875225], [17.795351888488035, 43.28467512135135], [17.800559444681674, 43.281217870934235]]}, "properties": {"kind": "line", "bus0": "way/89827347-220", "bus1": "BA23-220", "cross_border": false, "voltage": 220.0}}, {"type": "Feature", "geometry": {"type": "LineString", "coordinates": [[17.800559444681674, 43.281217870934235], [17.80697471227504, 43.281645846524725], [17.8075718, 43.2817162], [17.80964, 43.2819943], [17.8115498, 43.2822247], [17.8132342, 43.2824239], [17.8150688, 43.2826582], [17.81548964816686, 43.28271271832043], [17.82196444854754, 43.28267393989478]]}, "properties": {"kind": "line", "bus0": "BA22-220", "bus1": "BA23-220", "cross_border": false, "voltage": 220.0}}, {"type": "Feature", "geometry": {"type": "LineString", "coordinates": [[17.769573186391867, 43.303025789031004], [17.776737412363026, 43.300620362624755], [17.7785522, 43.3000303], [17.7814108, 43.2972282], [17.7828816, 43.2957188], [17.7865616, 43.2920531], [17.7922936, 43.2862303], [17.7943561, 43.2841341], [17.794649184026884, 43.28383596585536], [17.800559444681674, 43.281217870934235]]}, "properties": {"kind": "line", "bus0": "BA23-220", "bus1": "way/89827347-220", "cross_border": false, "voltage": 220.0}}, {"type": "Feature", "geometry": {"type": "LineString", "coordinates": [[17.769573186391867, 43.303025789031004], [17.776339621221975, 43.29989577898128], [17.7782636, 43.2991124], [17.780473, 43.2967033], [17.7843494, 43.2928073], [17.7910516, 43.2861335], [17.7935376, 43.2836053], [17.7959229, 43.2815371], [17.7966923, 43.2806799], [17.7978698, 43.2791979], [17.8008125, 43.2792837], [17.8032105, 43.2807243], [17.805764, 43.2810133], [17.8077488, 43.2812828], [17.8097688, 43.2815022], [17.8116219, 43.2818022], [17.813548, 43.2820247], [17.8152697, 43.2822278], [17.815486924172664, 43.28225614762539], [17.82196444854754, 43.28267393989478]]}, "properties": {"kind": "line", "bus0": "BA22-220", "bus1": "way/89827347-220", "cross_border": false, "voltage": 220.0}}, {"type": "Feature", "geometry": {"type": "LineString", "coordinates": [[17.720387834118576, 43.58775827399669], [17.722484629368736, 43.593063996388494], [17.722469, 43.5958669], [17.7251568, 43.5975309], [17.7276888, 43.5990188], [17.7301269, 43.600462], [17.7329513, 43.6021771], [17.7374749, 43.6048287], [17.7396566, 43.6062526], [17.7407297, 43.607526], [17.7376074, 43.6139374], [17.7380741, 43.6160463], [17.739662, 43.6192192], [17.7527886, 43.6344004], [17.7531956, 43.6398268], [17.7530623, 43.6457455], [17.7530054, 43.6477543], [17.752869, 43.6525713], [17.753398280080635, 43.654199663063295], [17.754869598202273, 43.660186909128925]]}, "properties": {"kind": "line", "bus0": "BA18-220", "bus1": "BA19-220", "cross_border": false, "voltage": 220.0}}, {"type": "Feature", "geometry": {"type": "LineString", "coordinates": [[17.720387834118576, 43.58775827399669], [17.72273822017583, 43.5830981937951], [17.7227532, 43.58251], [17.7237761, 43.5760038], [17.7235847, 43.5737234], [17.7235418, 43.5683715], [17.7213076, 43.5608429], [17.7207201, 43.5582416], [17.7223721, 43.5556658], [17.7225065, 43.5536581], [17.7252369, 43.550404], [17.7270421, 43.5490879], [17.7315348, 43.5459307], [17.7340288, 43.5405747], [17.7347586, 43.5393791], [17.7365666, 43.5359352], [17.737264, 43.5345429], [17.7375339, 43.5334486], [17.7386748, 43.5302571], [17.7339864, 43.5263528], [17.7336377, 43.5246297], [17.7346033, 43.5218311], [17.7349542, 43.5161981], [17.7326904, 43.5110142], [17.7286805, 43.5010848], [17.7265428, 43.4962304], [17.7250193, 43.4928954], [17.724244, 43.4906972], [17.7229426, 43.4874866], [17.7221596, 43.4858695], [17.7215896, 43.4845412], [17.720737, 43.4825546], [17.7207522, 43.4820328], [17.7208325, 43.4792701], [17.7207886, 43.4763856], [17.7214519, 43.4726981], [17.7219508, 43.4698562], [17.7230452, 43.4638877], [17.7249308, 43.4539311], [17.7255262, 43.4506229], [17.7270843, 43.4419523], [17.7274735, 43.4399669], [17.7281387, 43.4363074], [17.7286269, 43.4337091], [17.729166, 43.430768], [17.7303837, 43.4247644], [17.7318267, 43.4227852], [17.7333931, 43.4208644], [17.740611, 43.4121458], [17.7420695, 43.4102843], [17.7424402, 43.4098602], [17.7444599, 43.4072686], [17.7464823, 43.4049069], [17.7484269, 43.4025587], [17.7535231, 43.396529], [17.7553818, 43.3944124], [17.7564843, 43.3927811], [17.760344, 43.3839785], [17.761551, 43.3812104], [17.7627043, 43.378641], [17.7638623, 43.3759846], [17.7651926, 43.372947], [17.7661368, 43.3708179], [17.7658042, 43.3665283], [17.765477, 43.3629794], [17.7653804, 43.3609747], [17.7649193, 43.3594573], [17.7639991, 43.3566376], [17.7624866, 43.3514517], [17.7602811, 43.3448146], [17.7585288, 43.3394042], [17.757744, 43.336951], [17.7590797, 43.3348519], [17.7608124, 43.3322766], [17.7627972, 43.3292212], [17.7653022, 43.3255999], [17.7669304, 43.3228314], [17.768942, 43.3197873], [17.7710341, 43.3165596], [17.7730565, 43.3135269], [17.7754064, 43.3099165], [17.7789413, 43.3045293], [17.7811604, 43.3011308], [17.7835148, 43.2985231], [17.7850386, 43.2968549], [17.7884399, 43.293092], [17.7900009, 43.2914794], [17.7923988, 43.2888476], [17.79580492718011, 43.285057562650756], [17.800559444681674, 43.281217870934235]]}, "properties": {"kind": "line", "bus0": "BA19-220", "bus1": "BA23-220", "cross_border": false, "voltage": 220.0}}, {"type": "Feature", "geometry": {"type": "LineString", "coordinates": [[17.800559444681674, 43.281217870934235], [17.79925883624777, 43.27612431491411], [17.7980036, 43.2727216], [17.7998659, 43.2694826], [17.8018709, 43.2659953], [17.8045574, 43.2613739], [17.8069138, 43.2572709], [17.8106593, 43.2546579], [17.8156509, 43.2513305], [17.8192734, 43.2488893], [17.8229348, 43.2463702], [17.826132, 43.2443187], [17.8296645, 43.2419643], [17.8355546, 43.2402878], [17.8368984, 43.2385332], [17.8382181, 43.2348673], [17.8392373, 43.232151], [17.8400849, 43.2299818], [17.8414582, 43.2264288], [17.8427564, 43.2229812], [17.8438775, 43.2200493], [17.8450255, 43.217133], [17.8450631, 43.2125393], [17.8450738, 43.2087976], [17.8451167, 43.2047389], [17.845165, 43.2013213], [17.8451489, 43.1961946], [17.8453179, 43.1930366], [17.845291, 43.1897278], [17.8431044, 43.1877792], [17.8432313, 43.1858797], [17.8453768, 43.1842656], [17.8453018, 43.182834], [17.8454198, 43.1792979], [17.8454466, 43.1747111], [17.8454466, 43.1712018], [17.8453742, 43.1688211], [17.8454761, 43.167575], [17.8454518, 43.1648655], [17.8455834, 43.1607393], [17.8455995, 43.1576362], [17.8456631, 43.1508796], [17.8456551, 43.1465725], [17.845863, 43.1387021], [17.8459236, 43.1359515], [17.8458791, 43.1320904], [17.8460202, 43.1270882], [17.8460765, 43.1246314], [17.8487316, 43.1231647], [17.8511394, 43.1218104], [17.8527472, 43.120902], [17.8560355, 43.1190401], [17.8591737, 43.1172741], [17.8625882, 43.1152672], [17.8667188, 43.1130645], [17.8691569, 43.1116743], [17.8717399, 43.1101881], [17.8765732, 43.1072911], [17.8801655, 43.1054911], [17.8867802, 43.1017511], [17.8955018, 43.0968375], [17.9008872, 43.0939567], [17.9025452, 43.0930698], [17.9040698, 43.0922541], [17.9086893, 43.0895478], [17.9144001, 43.0862018], [17.919506, 43.0833295], [17.9232904, 43.0811949], [17.9269357, 43.0791294], [17.935646, 43.0742475], [17.9401735, 43.0717043], [17.9535164, 43.0641482], [17.9561986, 43.0626119], [17.9615952, 43.0591315], [17.9656829, 43.0572305], [17.9703231, 43.0546396], [17.9737563, 43.0527227], [17.9773666, 43.0507275], [17.9798932, 43.0493162], [17.9819585, 43.0481323], [17.9848803, 43.0464997], [17.9924191, 43.042287], [17.9955093, 43.0370213], [17.9990603, 43.0310261], [18.001088, 43.0275595], [18.0061681, 43.0189708], [18.0086519, 43.0148211], [18.0102183, 43.011946], [18.0133994, 43.0082195], [18.0196446, 43.0011301], [18.0231207, 42.9971832], [18.031206, 42.987779], [18.0326892, 42.9860759], [18.0356745, 42.9826775], [18.0374689, 42.9806191], [18.038684, 42.9792553], [18.0411462, 42.9790708], [18.0459581, 42.9787294], [18.0524732, 42.9786018], [18.0575587, 42.9779896], [18.0651332, 42.9773224], [18.068672, 42.9770816], [18.0712764, 42.9746698], [18.0786069, 42.9682601], [18.0812962, 42.9658591], [18.0847428, 42.9628031], [18.0877523, 42.9601414], [18.0922316, 42.9561527], [18.0948143, 42.9539259], [18.1000402, 42.9492534], [18.1028859, 42.9467402], [18.105621, 42.9442865], [18.1083387, 42.9418839], [18.1110738, 42.9394172], [18.1138323, 42.9369675], [18.1164568, 42.9347691], [18.1195062, 42.9319954], [18.1220958, 42.9297457], [18.1247262, 42.9273169], [18.1274148, 42.9249221], [18.1299579, 42.9227147], [18.1324486, 42.9204391], [18.1350395, 42.9181241], [18.1373249, 42.9153353], [18.1394921, 42.9126323], [18.1418471, 42.9098192], [18.1437354, 42.9074971], [18.1467502, 42.903831], [18.1487229, 42.9014253], [18.1510578, 42.8984789], [18.1536381, 42.8954019], [18.1562881, 42.8921635], [18.1585304, 42.8894162], [18.1622426, 42.8849119], [18.1653808, 42.8810873], [18.1678377, 42.8780683], [18.1704072, 42.8749293], [18.1738893, 42.8725437], [18.177727, 42.8699128], [18.1851782, 42.8647858], [18.1887428, 42.8623676], [18.1938927, 42.8588129], [18.1968163, 42.8568074], [18.2025294, 42.8528808], [18.2067995, 42.849941], [18.2099725, 42.8477347], [18.2104794, 42.8465508], [18.2122846, 42.8424072], [18.2135533, 42.8396184], [18.214948, 42.8363653], [18.21656, 42.8327678], [18.2180647, 42.8293471], [18.2188023, 42.8274371], [18.2217018, 42.8207622], [18.2236786, 42.8166562], [18.2262642, 42.8109463], [18.2273613, 42.8085319], [18.2287077, 42.8051158], [18.2303814, 42.8018865], [18.2314865, 42.7992552], [18.23312, 42.7954824], [18.2346461, 42.7923037], [18.2360677, 42.7892076], [18.2384978, 42.7837806], [18.2399381, 42.780558], [18.2411532, 42.7778767], [18.2422341, 42.7756717], [18.2444094, 42.7741911], [18.247097, 42.772364], [18.2508601, 42.7697571], [18.2552589, 42.7667031], [18.2629041, 42.7619067], [18.2738413, 42.7540072], [18.2785977, 42.7507323], [18.2833883, 42.7474711], [18.285223, 42.7462736], [18.289863, 42.7397844], [18.2928968, 42.7355179], [18.29453, 42.7321248], [18.2974535, 42.7291341], [18.2998542, 42.7258515], [18.3017505, 42.7232328], [18.3035742, 42.7208829], [18.3080803, 42.7145848], [18.308952, 42.7132821], [18.3069672, 42.7087097], [18.3087803, 42.7063269], [18.3107571, 42.703936], [18.3129673, 42.7009931], [18.3152632, 42.6980087], [18.3169262, 42.6957851], [18.3243135, 42.6860885], [18.3268589, 42.6830028], [18.32783146279443, 42.68178377776254], [18.333137433557468, 42.67719632995537]]}, "properties": {"kind": "line", "bus0": "BA23-220", "bus1": "way/245190169-220", "cross_border": false, "voltage": 220.0}}, {"type": "Feature", "geometry": {"type": "LineString", "coordinates": [[17.720387834118576, 43.58775827399669], [17.716136529084583, 43.591262499033206], [17.7175177, 43.5951676], [17.7180916, 43.5968926], [17.7198785, 43.5972888], [17.7246362, 43.5982562], [17.7272943, 43.5996916], [17.7294642, 43.6008551], [17.7321223, 43.6023332], [17.7374249, 43.6052426], [17.7390506, 43.6065491], [17.7399733, 43.6078619], [17.7364274, 43.6141502], [17.7372158, 43.6162987], [17.7387715, 43.6194716], [17.7512892, 43.6341616], [17.7518015, 43.6401229], [17.7517398, 43.6457149], [17.7517452, 43.6484574], [17.7517105, 43.6513739], [17.7521852, 43.6526567], [17.752813247866005, 43.65428920727006], [17.754869598202273, 43.660186909128925]]}, "properties": {"kind": "line", "bus0": "BA19-220", "bus1": "BA18-220", "cross_border": false, "voltage": 220.0}}, {"type": "Feature", "geometry": {"type": "LineString", "coordinates": [[17.675840749794148, 43.74706228969273], [17.67906726458731, 43.743076976148686], [17.6790959, 43.7427838], [17.679391, 43.7390516], [17.6797289, 43.7363423], [17.6805175, 43.7303188], [17.6864082, 43.7270165], [17.6873509, 43.7262411], [17.6901231, 43.7233268], [17.697435, 43.7182774], [17.6987394, 43.7175018], [17.7051421, 43.7131148], [17.7095224, 43.7100033], [17.7163326, 43.7059964], [17.7204989, 43.7042059], [17.7283873, 43.701755], [17.7352864, 43.6994453], [17.7418146, 43.6947917], [17.7436625, 43.6936645], [17.7455668, 43.6929702], [17.7511565, 43.6893047], [17.7553426, 43.6868009], [17.7555822, 43.6809139], [17.7559255, 43.6756297], [17.7562367, 43.6717885], [17.7558987, 43.6685834], [17.755666421670227, 43.66618042254963], [17.754869598202273, 43.660186909128925]]}, "properties": {"kind": "line", "bus0": "BA18-220", "bus1": "BA16-220", "cross_border": false, "voltage": 220.0}}, {"type": "Feature", "geometry": {"type": "LineString", "coordinates": [[17.68831679989812, 43.72362853969139], [17.692871588364287, 43.720535550947865], [17.6974136, 43.7173546], [17.7043069, 43.7124518], [17.7086252, 43.7093419], [17.7115542, 43.7072906], [17.7152605, 43.7058735], [17.7207671, 43.7039287], [17.7284758, 43.7013361], [17.7302407, 43.7006303], [17.7348916, 43.6989781], [17.741404, 43.6945101], [17.7449982, 43.6925901], [17.748587, 43.6900456], [17.7505879, 43.6890254], [17.7546932, 43.6865216], [17.754976, 43.681104], [17.7554213, 43.6756763], [17.7558549, 43.671267], [17.7554427, 43.6683894], [17.75520049990788, 43.666198904362986], [17.754869598202273, 43.660186909128925]]}, "properties": {"kind": "line", "bus0": "BA18-220", "bus1": "BA17-220", "cross_border": false, "voltage": 220.0}}, {"type": "Feature", "geometry": {"type": "LineString", "coordinates": [[17.675840749794148, 43.74706228969273], [17.67833120660268, 43.74279206581797], [17.6783592, 43.7422368], [17.6784906, 43.7390761], [17.6786757, 43.7366421], [17.6791102, 43.7311942], [17.684249408342044, 43.72705153361782], [17.68831679989812, 43.72362853969139]]}, "properties": {"kind": "line", "bus0": "BA17-220", "bus1": "BA16-220", "cross_border": false, "voltage": 220.0}}, {"type": "Feature", "geometry": {"type": "LineString", "coordinates": [[19.06996587767301, 44.40400620882524], [19.066902368453043, 44.39995389440102], [19.0662009, 44.3986491], [19.0650881, 44.3968572], [19.0649434, 44.3942111], [19.064972, 44.3909001], [19.0648272, 44.3864112], [19.0641727, 44.382194], [19.0647574, 44.380185], [19.0658625, 44.3767458], [19.0665277, 44.3746484], [19.0673251, 44.3717844], [19.0685857, 44.3680418], [19.0686394, 44.3656987], [19.0687413, 44.3625999], [19.0688719, 44.3592475], [19.0691026, 44.3549478], [19.0691241, 44.353287], [19.0696157, 44.3519448], [19.0710016, 44.3483693], [19.0717955, 44.3463438], [19.0725179, 44.3443339], [19.0733708, 44.3420666], [19.0749498, 44.3378612], [19.0757438, 44.3356243], [19.0774657, 44.3310544], [19.0781398, 44.3291169], [19.0788819, 44.3272937], [19.0798368, 44.3243043], [19.0804465, 44.322877], [19.0821864, 44.3189466], [19.0814837, 44.3157072], [19.0811296, 44.3134887], [19.0808456, 44.3118228], [19.0803142, 44.3072509], [19.0800192, 44.3047979], [19.0794398, 44.3013543], [19.0792735, 44.2999491], [19.0788498, 44.2967662], [19.0780612, 44.292919], [19.0806307, 44.2896935], [19.0821328, 44.2874356], [19.084418, 44.2848089], [19.0866389, 44.281245], [19.0898146, 44.2764711], [19.0919389, 44.2736211], [19.0930494, 44.2722422], [19.093854, 44.2711206], [19.0950932, 44.2691961], [19.0975823, 44.2658579], [19.0993043, 44.2632725], [19.101239, 44.2598212], [19.1057255, 44.2518002], [19.1091265, 44.2455905], [19.114566, 44.2422548], [19.1186806, 44.2397376], [19.1219636, 44.2377275], [19.1241898, 44.2363747], [19.1292967, 44.2332729], [19.1331108, 44.2294369], [19.1356589, 44.2269383], [19.1394194, 44.2231787], [19.1414525, 44.221218], [19.1436573, 44.2189613], [19.1459211, 44.2167007], [19.1504755, 44.2121945], [19.1528841, 44.2098298], [19.157755, 44.2049885], [19.1600617, 44.202735], [19.1648146, 44.1979624], [19.167647, 44.1951317], [19.170356, 44.192447], [19.1718151, 44.1910277], [19.1744236, 44.1884577], [19.1782471, 44.184677], [19.1792395, 44.1810147], [19.1798457, 44.1789219], [19.180881, 44.1746822], [19.1821845, 44.1698611], [19.1832413, 44.1657169], [19.1838636, 44.163535], [19.1853361, 44.158232], [19.1873585, 44.1510078], [19.1918324, 44.1467199], [19.1929295, 44.145644], [19.1975563, 44.1410515], [19.198825, 44.1398139], [19.2011746, 44.1375444], [19.2068957, 44.1319926], [19.2104845, 44.1285542], [19.2131909, 44.1259243], [19.2153474, 44.123818], [19.2198106, 44.1194953], [19.2212724, 44.1180685], [19.222769, 44.1165742], [19.2273663, 44.1110455], [19.228745, 44.1093931], [19.2307459, 44.1069896], [19.2348666, 44.1019497], [19.2373986, 44.0988467], [19.239649, 44.096121], [19.2399601, 44.0919293], [19.2402257, 44.0897909], [19.2407165, 44.0851286], [19.2411591, 44.0805391], [19.2415019, 44.0772436], [19.2417859, 44.0741182], [19.238932, 44.0717479], [19.2371143, 44.0702453], [19.234475, 44.0679404], [19.2313414, 44.0654961], [19.2277097, 44.0641605], [19.225385, 44.0633014], [19.2227717, 44.0624066], [19.2180644, 44.0607722], [19.2150773, 44.0596297], [19.2113141, 44.058319], [19.2087634, 44.0570121], [19.2067616, 44.0559919], [19.2021777, 44.0537135], [19.2004378, 44.052885], [19.196883, 44.0512016], [19.1936242, 44.0496324], [19.1917091, 44.0486743], [19.1890733, 44.0460914], [19.1874443, 44.044512], [19.1857232, 44.0428736], [19.1832609, 44.040346], [19.1817044, 44.0387683], [19.1793789, 44.0365836], [19.176922, 44.034289], [19.1752726, 44.0327097], [19.1718266, 44.0293181], [19.1726233, 44.0280279], [19.1743444, 44.0254008], [19.1760315, 44.0223439], [19.1772493, 44.0203071], [19.1785904, 44.0180697], [19.1802641, 44.0152208], [19.1813477, 44.013585], [19.1823884, 44.0118817], [19.1839199, 44.0093257], [19.1850066, 44.0074986], [19.1846844, 44.0056583], [19.1843813, 44.003484], [19.1840326, 44.0007598], [19.1833835, 43.9959998], [19.1895043, 43.9881055], [19.1951262, 43.9807216], [19.1917708, 43.975321], [19.1906523, 43.9736128], [19.189515, 43.9717288], [19.187793, 43.9689934], [19.1862132, 43.9664703], [19.1847112, 43.9640957], [19.1826003, 43.9607577], [19.1809775, 43.95824], [19.1802407, 43.957026], [19.1794701, 43.9557608], [19.174399, 43.9477123], [19.1734513, 43.9464437], [19.1707476, 43.941971], [19.1718688, 43.9405495], [19.1741012, 43.9376973], [19.1778241, 43.9329767], [19.1793548, 43.930863], [19.1807201, 43.9293466], [19.184138, 43.9254275], [19.1862187, 43.9230468], [19.1880967, 43.9208231], [19.1901427, 43.9185184], [19.1923555, 43.9159061], [19.1940614, 43.9139372], [19.1964941, 43.9110833], [19.1977226, 43.9097732], [19.2039645, 43.9060723], [19.2071639, 43.9042754], [19.211544, 43.9016896], [19.2154171, 43.8994613], [19.2229729, 43.8950507], [19.2241101, 43.8924336], [19.2258294, 43.8890683], [19.2270767, 43.8863408], [19.2280476, 43.8839552], [19.2298018, 43.8823371], [19.2326262, 43.8797543], [19.2357938, 43.876773], [19.238468, 43.8742924], [19.2408471, 43.8721036], [19.2435588, 43.8696189], [19.2443662, 43.8677258], [19.2456107, 43.864744], [19.2472522, 43.8610773], [19.2488187, 43.8575942], [19.2487543, 43.8551592], [19.2486363, 43.8522638], [19.2485531, 43.84796], [19.2484867, 43.8456615], [19.2484378, 43.8440699], [19.2514177, 43.8404078], [19.2527052, 43.8388755], [19.2549716, 43.8361244], [19.257163, 43.8333847], [19.2554884, 43.8286778], [19.2566498, 43.8274733], [19.2586384, 43.8254375], [19.2601028, 43.8237755], [19.2643567, 43.8194562], [19.2674037, 43.8132533], [19.2690935, 43.8097539], [19.2703981, 43.8072079], [19.2717864, 43.8044617], [19.2729221, 43.8019276], [19.2736371, 43.8006926], [19.2742138, 43.7996202], [19.2752196, 43.7977655], [19.276196258010632, 43.79563735319109], [19.281327511720303, 43.7923480558783]]}, "properties": {"kind": "line", "bus0": "BA5-400", "bus1": "BA15-400", "cross_border": false, "voltage": 400.0}}, {"type": "Feature", "geometry": {"type": "LineString", "coordinates": [[18.23571320083028, 42.610505495629674], [18.24680496875007, 42.607279306039054], [18.2488708, 42.6084099], [18.2538539, 42.6110486], [18.2565929, 42.6125395], [18.2615304, 42.6143431], [18.2654089, 42.6157288], [18.2681532, 42.6166808], [18.2711331, 42.6177763], [18.275612, 42.6193862], [18.2789004, 42.6205156], [18.2816255, 42.6215534], [18.2868938, 42.6235277], [18.2887338, 42.6255703], [18.2916038, 42.6300146], [18.3032284, 42.6417159], [18.3097623, 42.6489092], [18.3123964, 42.6520783], [18.3148357, 42.6547109], [18.3208354, 42.6647902], [18.3220516, 42.6675623], [18.3228307, 42.6694467], [18.3239918, 42.6721809], [18.325189095850103, 42.675115011601505], [18.333137433557468, 42.67719632995537]]}, "properties": {"kind": "line", "bus0": "way/245190169-220", "bus1": "way/171251171-220", "cross_border": false, "voltage": 220.0}}, {"type": "Feature", "geometry": {"type": "LineString", "coordinates": [[16.71876991179986, 44.94099405009348], [16.72277697032651, 44.94542653581042], [16.7325666, 44.9622665], [16.7340449, 44.9648958], [16.7352328, 44.9670539], [16.739553, 44.9698092], [16.7439595, 44.9763461], [16.7449644, 44.9778901], [16.7463865, 44.9800006], [16.7473421, 44.9816519], [16.7485792, 44.9834534], [16.7500139, 44.9856091], [16.7513553, 44.987665], [16.7527038, 44.9898253], [16.7538139, 44.9914868], [16.7549659, 44.9933399], [16.7561235, 44.995091], [16.7574254, 44.9970772], [16.7552018, 45.001018], [16.7535558, 45.0038955], [16.752024, 45.0065624], [16.750554, 45.0091307], [16.7488265, 45.012038], [16.7467651, 45.0156001], [16.7454013, 45.0180932], [16.7436991, 45.021074], [16.7428461, 45.0225499], [16.7416775, 45.0246066], [16.7405966, 45.0266128], [16.7384082, 45.0293968], [16.7367099, 45.0318533], [16.7341508, 45.0356789], [16.7330879, 45.0373228], [16.732294, 45.0387063], [16.7306354, 45.0417872], [16.7299252, 45.0429371], [16.7280433, 45.0463407], [16.7268487, 45.0485045], [16.725432, 45.0515364], [16.7242317, 45.0540936], [16.7235204, 45.0560328], [16.7226238, 45.0579515], [16.7218823, 45.0598571], [16.7211113, 45.0616737], [16.7193382, 45.0657938], [16.720312, 45.0674116], [16.7219437, 45.0702156], [16.7241726, 45.073951], [16.7261816, 45.0774402], [16.7309797, 45.0855916], [16.7318386, 45.0870575], [16.7328358, 45.0887902], [16.733489, 45.0911301], [16.73508, 45.0925408], [16.7375434, 45.0962942], [16.7391674, 45.0987911], [16.7416146, 45.1025268], [16.7435301, 45.1054688], [16.7461818, 45.1094872], [16.7472418, 45.1111407], [16.7485885, 45.1136811], [16.7500516, 45.1162813], [16.7512299, 45.1185275], [16.7522516, 45.1203655], [16.7543416, 45.1242312], [16.7560099, 45.1273341], [16.7574773, 45.1300176], [16.7590016, 45.1330344], [16.7607027, 45.1364478], [16.762392, 45.1398484], [16.7672787, 45.1495791], [16.7690095, 45.1529685], [16.7705357, 45.1560279], [16.772011, 45.1589579], [16.7735657, 45.1620781], [16.7747366, 45.1644069], [16.7831694, 45.1833385], [16.7841951, 45.1856087], [16.7854696, 45.188484], [16.7860883, 45.1919256], [16.7869144, 45.1961974], [16.7872769, 45.1980747], [16.7874444, 45.1988756], [16.7912295, 45.202028], [16.7948237, 45.2049762], [16.7976556, 45.2073649], [16.8013892, 45.2102977], [16.8045649, 45.2130489], [16.8079338, 45.2157849], [16.8112919, 45.218619], [16.8145964, 45.2213623], [16.8161719, 45.2234046], [16.8184755, 45.2264453], [16.8209095, 45.2299016], [16.8233861, 45.23322], [16.8258168, 45.2365371], [16.8283565, 45.2399127], [16.8306752, 45.2430453], [16.830028, 45.246632], [16.8293217, 45.2503581], [16.8286455, 45.2541637], [16.8280024, 45.2578918], [16.827407, 45.2612533], [16.8268312, 45.2643658], [16.8258766, 45.2700672], [16.8253635, 45.2729811], [16.8248387, 45.2760378], [16.8242966, 45.2789997], [16.8281559, 45.2888743], [16.8295552, 45.2924218], [16.8308057, 45.2957671], [16.8320926, 45.2990046], [16.8334287, 45.3024672], [16.8349157, 45.3060115], [16.8361847, 45.3092518], [16.8385909, 45.312087], [16.8411044, 45.3150936], [16.843574, 45.3180725], [16.8462388, 45.3212298], [16.8487718, 45.3242634], [16.851422, 45.3273586], [16.8539941, 45.3304673], [16.856424, 45.3335528], [16.8616079, 45.3395866], [16.8642825, 45.3427975], [16.8668741, 45.3458505], [16.8692217, 45.3486735], [16.8725796, 45.3507384], [16.8764938, 45.3529609], [16.8802422, 45.3552074], [16.8840246, 45.3574264], [16.8877681, 45.359683], [16.8916238, 45.3619395], [16.8951232, 45.3640621], [16.8970803, 45.3660578], [16.8991107, 45.3681735], [16.9011361, 45.3703439], [16.9035764, 45.3728537], [16.9059972, 45.3754217], [16.9082654, 45.3778378], [16.9108478, 45.3805032], [16.9131262, 45.3829094], [16.914431, 45.3894276], [16.9156609, 45.3962652], [16.9170128, 45.4029924], [16.9176766, 45.4063197], [16.9182818, 45.4143818], [16.918111, 45.4186026], [16.9179987, 45.4225113], [16.9178544, 45.4261032], [16.9177205, 45.4304889], [16.9175887, 45.4341811], [16.9174511, 45.4379196], [16.9172959, 45.4416673], [16.917178960859022, 45.44316778528455], [16.913620388699012, 45.448081289056574]]}, "properties": {"kind": "line", "bus0": "way/79818891-220", "bus1": "way/96704507-220", "cross_border": true, "voltage": 220.0}}, {"type": "Feature", "geometry": {"type": "LineString", "coordinates": [[16.35844589999999, 45.35731309090436], [16.360297810753295, 45.35300177568462], [16.3648709, 45.3484846], [16.3681808, 45.3452158], [16.3728639, 45.3405933], [16.3812592, 45.3323577], [16.3862267, 45.3274927], [16.3886514, 45.3251053], [16.3952335, 45.3197229], [16.4014294, 45.314706], [16.4075824, 45.3096961], [16.4213851, 45.2984751], [16.4252206, 45.2969695], [16.438916, 45.2915842], [16.4430471, 45.2899988], [16.4482506, 45.2879156], [16.4533959, 45.2858777], [16.4627233, 45.2822243], [16.4700189, 45.2780269], [16.4732483, 45.2761395], [16.4817133, 45.2712999], [16.4897921, 45.2666184], [16.4934083, 45.2645264], [16.496841, 45.2625407], [16.5008107, 45.2602148], [16.5048232, 45.2579114], [16.5086652, 45.2556584], [16.515499, 45.2517523], [16.5187981, 45.2499018], [16.5215594, 45.2483479], [16.5340008, 45.2413924], [16.5463924, 45.23434], [16.5598032, 45.2327573], [16.5642101, 45.2322737], [16.5797196, 45.2305253], [16.5839802, 45.2271092], [16.5874269, 45.2242805], [16.589751, 45.2223455], [16.5947157, 45.2182775], [16.5971404, 45.2163431], [16.6031835, 45.2115494], [16.6074389, 45.2082077], [16.6095552, 45.2065391], [16.6130702, 45.2038239], [16.6163894, 45.2012303], [16.6191548, 45.199074], [16.6217575, 45.1970323], [16.6239344, 45.1938213], [16.625529, 45.1915029], [16.6288925, 45.1864161], [16.635598, 45.1762863], [16.6372663, 45.1733876], [16.6386035, 45.171078], [16.6405815, 45.1676221], [16.6443983, 45.1611486], [16.6461686, 45.1583174], [16.648824, 45.154996], [16.6513667, 45.1512432], [16.6555509, 45.1458387], [16.6573775, 45.143402], [16.6592008, 45.1413699], [16.6599895, 45.1400122], [16.6615949, 45.138036], [16.6640219, 45.1349105], [16.666796, 45.1312075], [16.6697449, 45.1271884], [16.6710548, 45.1251008], [16.6747835, 45.1187814], [16.6767844, 45.1154199], [16.678737, 45.1121718], [16.6792657, 45.11127], [16.6796758, 45.1105704], [16.6807916, 45.1087418], [16.6828408, 45.1052396], [16.6847184, 45.1020893], [16.6857778, 45.1003608], [16.6876845, 45.0971802], [16.6894417, 45.0942641], [16.6912334, 45.0912288], [16.6927543, 45.088697], [16.6945808, 45.0856178], [16.6974025, 45.0822809], [16.6996368, 45.0796048], [16.7015573, 45.0773566], [16.7031022, 45.0755496], [16.7047464, 45.0736195], [16.7072623, 45.0707933], [16.709687, 45.0678477], [16.711655, 45.0654674], [16.71503, 45.0616641], [16.7161807, 45.060175], [16.7189112, 45.057009], [16.7218343, 45.0536242], [16.7245549, 45.0499742], [16.7236104, 45.0476805], [16.7219336, 45.0443104], [16.7207723, 45.0418947], [16.7195375, 45.0392452], [16.7172696, 45.0361652], [16.7152848, 45.0336158], [16.7134824, 45.0312805], [16.7112588, 45.028439], [16.708979, 45.0255157], [16.7076539, 45.0237716], [16.7062008, 45.0219424], [16.7043709, 45.0195495], [16.7020822, 45.0167546], [16.6994485, 45.0135172], [16.6974991, 45.0109924], [16.6958137, 45.0091658], [16.6940581, 45.0069339], [16.6918506, 45.0042429], [16.6898282, 45.0018609], [16.686907, 44.9980585], [16.6840103, 44.9945686], [16.6835921, 44.9915389], [16.6831519, 44.9884245], [16.6827094, 44.9853684], [16.6823178, 44.9825208], [16.6819181, 44.9796939], [16.6815104, 44.9769769], [16.6810947, 44.9739562], [16.6806119, 44.9704079], [16.6801291, 44.9670737], [16.6796841, 44.9639269], [16.6793032, 44.9609131], [16.6788385, 44.9577286], [16.6758688, 44.9552024], [16.6763992, 44.9518162], [16.6770014, 44.9481994], [16.6777232, 44.9457113], [16.6781711, 44.9421857], [16.6784396, 44.9402602], [16.6785949, 44.9370025], [16.678680098060717, 44.93568068830576], [16.678952700000007, 44.93118399058617]]}, "properties": {"kind": "line", "bus0": "HR1-220", "bus1": "BA1-220", "cross_border": true, "voltage": 220.0}}, {"type": "Feature", "geometry": {"type": "LineString", "coordinates": [[18.33342093302511, 42.67736538451529], [18.341071414987283, 42.6802143656484], [18.3441158, 42.6819434], [18.3524299, 42.6836678], [18.3564447, 42.6873992], [18.3759846, 42.7057151], [18.3814592, 42.710951], [18.3901253, 42.7114066], [18.3999496, 42.7119839], [18.4097264, 42.7125529], [18.4188018, 42.713078], [18.4211092, 42.7132016], [18.4259006, 42.7134505], [18.4296515, 42.714375], [18.4340827, 42.715502], [18.4425258, 42.7176291], [18.4555882, 42.720983], [18.4702454, 42.7244908], [18.4733134, 42.7243387], [18.4760448, 42.7242491], [18.4794397, 42.7240912], [18.4819745, 42.723952], [18.4856676, 42.723741], [18.4879272, 42.7232952], [18.4884492, 42.7231951], [18.4898145, 42.7229245], [18.4925436, 42.722374], [18.4979321, 42.7213602], [18.5016436, 42.7206102], [18.5051468, 42.7199383], [18.506969, 42.719542], [18.5091932, 42.7191088], [18.5126047, 42.7184902], [18.5149264, 42.7180584], [18.5168127, 42.7179314], [18.5185806, 42.7178897], [18.5203339, 42.7178216], [18.5239613, 42.7177061], [18.5263795, 42.7176186], [18.5300026, 42.7172961], [18.532978, 42.717205], [18.535448, 42.7171029], [18.5393337, 42.7170014], [18.5441068, 42.7168647], [18.5475088, 42.7167227], [18.5520632, 42.7165888], [18.5544442, 42.7160048], [18.5575984, 42.7152225], [18.5612119, 42.7143464], [18.5657052, 42.7132467], [18.5680184, 42.7126866], [18.5723398, 42.7107497], [18.5768711, 42.7084919], [18.5795249, 42.707241], [18.5815828, 42.7062318], [18.5846531, 42.7048699], [18.5878999, 42.7032852], [18.5914829, 42.7016055], [18.5927967, 42.700976], [18.5967915, 42.6983064], [18.5995214, 42.6966421], [18.6010046, 42.695664], [18.6050324, 42.6930609], [18.607454, 42.6914626], [18.6110499, 42.6891792], [18.6130055, 42.6878603], [18.61581, 42.6867972], [18.6188224, 42.6856135], [18.622614, 42.684042], [18.6252531, 42.6829268], [18.6299844, 42.6811462], [18.6344119, 42.6794087], [18.636146, 42.6787067], [18.6380907, 42.6779536], [18.6413223, 42.6766484], [18.644886, 42.6752618], [18.6478529, 42.6739326], [18.6526623, 42.6721406], [18.6570117, 42.6704523], [18.6602477, 42.669214], [18.6646101, 42.6674506], [18.6683655, 42.6659888], [18.6720858, 42.6645443], [18.6770078, 42.6625839], [18.6800004, 42.6613919], [18.6883639, 42.6580606], [18.6979847, 42.6536018], [18.7047975, 42.6496958], [18.7337179, 42.6329363], [18.7420081, 42.6266343], [18.7564512, 42.615565], [18.7642082, 42.609422], [18.76924, 42.6056159], [18.7753211, 42.6009101], [18.7791212, 42.5979872], [18.8299442, 42.5821503], [18.8353864, 42.5789453], [18.8383556, 42.5772286], [18.8432802, 42.5744397], [18.8511149, 42.5699385], [18.8546283, 42.5679561], [18.8623745, 42.5634245], [18.8665583, 42.5610028], [18.8691715, 42.5592945], [18.872615026592975, 42.557954807797685], [18.8779871, 42.55582418865856]]}, "properties": {"kind": "line", "bus0": "way/245190169-400", "bus1": "ME5-400", "cross_border": true, "voltage": 400.0}}, {"type": "Feature", "geometry": {"type": "LineString", "coordinates": [[18.500104862579253, 42.72787601304837], [18.505155399096015, 42.72446710563976], [18.50707, 42.7232417], [18.5087222, 42.7221579], [18.5110504, 42.7207017], [18.5145802, 42.718473], [18.5147075, 42.7184728], [18.5160849, 42.718471], [18.5290453, 42.7183548], [18.534104, 42.71827], [18.5369686, 42.718205], [18.5491364, 42.7206295], [18.5519554, 42.7211832], [18.5559439, 42.7219576], [18.5596963, 42.7225842], [18.5645028, 42.7235675], [18.5687595, 42.7243872], [18.572866, 42.725199], [18.5779309, 42.7261357], [18.5817907, 42.7269136], [18.5857319, 42.7276539], [18.5901394, 42.7285406], [18.5943056, 42.7293225], [18.5982353, 42.7300767], [18.6012512, 42.7306809], [18.6067897, 42.7318114], [18.610062, 42.7323795], [18.6113495, 42.73208], [18.6152762, 42.7312567], [18.6182589, 42.7305671], [18.6206299, 42.7300667], [18.6230922, 42.7294953], [18.6262196, 42.7287584], [18.6316484, 42.7275289], [18.6362404, 42.7264847], [18.6400491, 42.7255349], [18.646819, 42.7240847], [18.6494422, 42.7235015], [18.6534923, 42.7226502], [18.6563355, 42.7219487], [18.6642856, 42.720195], [18.6679441, 42.7193003], [18.6736787, 42.7203881], [18.6765907, 42.7209351], [18.6812586, 42.7217674], [18.6839301, 42.7223271], [18.6885488, 42.7231153], [18.693704, 42.7241123], [18.6987895, 42.7249872], [18.70255, 42.7257202], [18.7039286, 42.7259369], [18.7079841, 42.7266108], [18.7130481, 42.7276314], [18.7166852, 42.7282658], [18.7203759, 42.7289475], [18.723616, 42.7290224], [18.7265504, 42.7291406], [18.7284494, 42.7291919], [18.7318772, 42.729247], [18.7380517, 42.7294598], [18.7445212, 42.7295977], [18.7479007, 42.7297159], [18.7535817, 42.7299051], [18.7574387, 42.7299839], [18.7601906, 42.7300391], [18.7627065, 42.7301139], [18.7672931, 42.7302203], [18.7716834, 42.7303848], [18.7879092, 42.7388935], [18.7986048, 42.7443206], [18.8010373, 42.745526], [18.8054018, 42.7478351], [18.8135933, 42.7468384], [18.8173752, 42.7465115], [18.8207387, 42.746153], [18.8248103, 42.745629], [18.8301532, 42.7450499], [18.8323902, 42.7448175], [18.8383662, 42.7441596], [18.8416438, 42.7437892], [18.8437574, 42.7435529], [18.8472764, 42.7437223], [18.8509833, 42.7438641], [18.8561331, 42.7440926], [18.8600599, 42.7442384], [18.8679456, 42.7446087], [18.8771884, 42.7448411], [18.879147, 42.7449164], [18.8822576, 42.7451092], [18.8865064, 42.745302], [18.8903205, 42.7439311], [18.8928579, 42.74296], [18.8994454, 42.7407399], [18.9027714, 42.7395422], [18.9069392, 42.7380807], [18.9146053, 42.7353934], [18.9182584, 42.7340971], [18.9213215, 42.7330214], [18.9248673, 42.7317743], [18.9299421, 42.7278968], [18.9364706, 42.7228585], [18.9423205, 42.7182691], [18.9461641, 42.7152915], [18.9503323, 42.7120358], [18.9567964, 42.7070888], [18.9738499, 42.6938997], [18.9818724, 42.6876323], [18.9909624, 42.6800728], [18.9924591, 42.6788463], [18.9925503, 42.6767127], [18.992689945915167, 42.67467026227405], [18.99595170002566, 42.67072593876423]]}, "properties": {"kind": "line", "bus0": "BA26-220", "bus1": "ME4-220", "cross_border": true, "voltage": 220.0}}]}